--Tabela pessoa
INSERT INTO pessoa (email, endereco, data_nascimento, telefone, pessoa_id, cpf, nome) VALUES
('joao.silva@example.com', 'Rua das Flores, 123, Recife', '1990-05-15', '+00 123 1987654321', 1, '123.456.789-00', 'João da Silva Santos'),
('maria.oliveira@example.com', 'Av. Principal, 456, Olinda', '1985-09-20', '+00 123 1912345678', 2, '987.654.321-00', 'Maria Oliveira Silva'),
('pedro.souza@example.com', 'Rua do Comércio, 789, Olinda', '1982-03-10', '+00 123 1923456789', 3, '456.789.012-00', 'Pedro Souza Oliveira'),
('ana.santos@example.com', 'Av. Central, 321', '1978-12-05', '+00 123 1934567890', 4, '789.012.345-00', 'Ana Santos Rodrigues'),
('lucas.lima@example.com', 'Rua do Bosque, 567, Recife', '1995-07-25', '+00 123 1945678901', 5, '012.345.678-00', 'Lucas Why Ferreira'),
('carla.ferreira@example.com', 'Av. dos Estados, 890, Recife', '1998-11-30', '+00 123 1956789012', 6, '234.567.890-00', 'Carla Ferreira Almeida'),
('ricardo.almeida@example.com', 'Rua das Árvores, 234', '1970-08-12', '+00 123 1967890123', 7, '567.890.123-00', 'Ricardo Almeida Not'),
('fernanda.pereira@example.com', 'Av. dos Bandeirantes, 901, Petrolina','1965-04-18', '+00 123 1978901234', 8, '901.234.567-00', 'Fernanda Pereira Lima'),
('mario.silveira@example.com', 'Rua das Pedras, 345, Olinda', '1980-01-22', '+00 123 1989012345', 9, '345.678.901-00', 'Mário Silveira Gomes'),
('julia.rodrigues@example.com', 'Av. das Rosas, 678, Recife', '1993-06-08', '+00 123 1990123456', 10, '678.901.234-00', 'Júlia Rodrigues Martins'),
('carlos.souza@example.com', 'Rua das Praias, 123, Olinda', '1987-09-14', '+00 123 1901234567', 11, '123.456.789-01', 'Carlos Easter Rocha Sh'),
('ana.carvalho@example.com', 'Av. do Sol, 456, Olinda', '1984-02-28', '+00 123 1912345678', 12, '987.654.321-01', 'Ana Carvalho Ribeiro'),
('andre.oliveira@example.com', 'Rua da Lua, 789', '1979-12-17', '+00 123 1923456789', 13, '456.789.012-01', 'André Oliveira Egg'),
('camila.silva@example.com', 'Av. das Estrelas, 321, Recife', '1996-07-05', '+00 123 1934567890', 14, '789.012.345-01', 'Camila Silva Monteiro'),
('marcio.gomes@example.com', 'Rua da Neve, 101', '1972-04-30', '+00 123 1945678901', 15, '012.345.678-01', 'Márcio Gomes Mendes'),
('patricia.almeida@example.com', 'Av. das Águias, 777, Olinda', '1988-10-20', '+00 123 1956789012', 16, '234.567.890-01', 'Patrícia Almeida Barros'),
('rafael.costa@example.com', 'Rua do Mar, 888, Recife', '1991-08-15', '+00 123 1967890123', 17, '567.890.123-01', 'Rafael Costa Freitas'),
('carolina.souza@example.com', 'Av. dos Ventos, 999', '1976-03-05', '+00 123 1978901234', 18, '901.234.567-01', 'Carolina Souza Barbosa'),
('felipe.pereira@example.com', 'Rua da Montanha, 505, Olinda', '1983-11-25', '+00 123 1989012345', 19, '345.678.901-01', 'Felipe Pereira Pinto'),
('natalia.fernandes@example.com', 'Av. dos Lagos, 303, Olinda', '1986-06-18', '+00 123 1990123456', 20, '678.901.234-01', 'Natália Fernandes Moura'),
('rodrigo.silva@example.com', 'Rua das Margaridas, 222, Olinda', '1987-04-12', '+00 123 1987654321', 21, '111.222.333-44', 'Rodrigo Silva Cavalcanti'),
('vanessa.fernandes@example.com', 'Av. das Orquídeas, 555, Recife', '1992-09-08', '+00 123 1912345678', 22, '444.555.666-77', 'Vanessa Fernandes Dias'),
('gustavo.santos@example.com', 'Rua dos Lírios, 888', '1975-12-24', '+00 123 1923456789', 23, '777.888.999-00', 'Gustavo Santos Castro'),
('amanda.ferreira@example.com', 'Av. das Tulipas, 111, Olinda', '1989-06-30', '+00 123 1934567890', 24, '000.111.222-33', 'Amanda Ferreira Campos'),
('felipe.almeida@example.com', 'Rua dos Cravos, 444, Olinda', '1981-11-18', '+00 123 1945678901', 25, '333.444.555-66', 'Felipe Almeida Cardoso'),
('patricia.rosa@example.com', 'Av. das Rosas, 777, Olinda', '1984-03-07', '+00 123 1956789012', 26, '222.333.444-55', 'Patricia Rosa Silva'),
('lucas.mendes@example.com', 'Rua das Violetas, 333, Recife', '1996-08-22', '+00 123 1967890123', 27, '555.666.777-88', 'Lucas Mendes Neto'),
('camila.pereira@example.com', 'Av. das Margaridas, 666, Recife', '1990-05-15', '+00 123 1978901234', 28, '888.999.000-11', 'Camila Pereira Machado'),
('marcos.rocha@example.com', 'Rua dos Girassóis, 999, Olinda', '1983-07-01', '+00 123 1989012345', 29, '999.000.111-22', 'Marcos Rocha Nunes'),
('bruna.ferreira@example.com', 'Av. das Laranjeiras, 777', '1978-02-14', '+00 123 1990123456', 30, '111.222.333-44', 'Bruna Ferreira Carvalho'),
('roberto.souza@example.com', 'Rua das Hortênsias, 111', '1970-11-28', '+00 123 1901234567', 31, '444.555.666-77', 'Roberto Souza Fonseca'),
('carolina.oliveira@example.com', 'Av. dos Cravos, 444, Recife', '1994-06-16', '+00 123 1912345678', 32, '777.888.999-00', 'Carolina Oliveira Tavares'),
('rafael.silva@example.com', 'Rua das Rosas, 777, Olinda', '1988-03-22', '+00 123 1923456789', 33, '000.111.222-33', 'Rafael Silva Mendonça'),
('julia.almeida@example.com', 'Av. das Tulipas, 333, Olinda', '1982-09-10', '+00 123 1934567890', 34, '333.444.555-66', 'Júlia Almeida Lopes'),
('marcelo.rodrigues@example.com', 'Rua dos Lírios, 666, Recife', '1997-08-05', '+00 123 1945678901', 35, '222.333.444-55', 'Marcelo Marques Rodrigues'),
('ana.lima@example.com', 'Av. das Violetas, 999, Olinda', '1985-04-28', '+00 123 1956789012', 36, '555.666.777-88', 'Ana Lima Surge'),
('gabriel.fernandes@example.com', 'Rua dos Girassóis, 222, Olinda', '1980-12-15', '+00 123 1967890123', 37, '888.999.000-11', 'Gabriel Fernandes Noronha'),
('isabela.santos@example.com', 'Av. das Margaridas, 555, Recife', '1993-07-20', '+00 123 1978901234', 38, '999.000.111-22', 'Isabela Santos Melo'),
('ricardo.mendes@example.com', 'Rua das Orquídeas, 222', '1977-02-08', '+00 123 1989012345', 39, '111.222.333-44', 'Ricardo Mendes Azevedo'),
('vivian.rocha@example.com', 'Av. das Rosas, 555, Olinda', '1986-06-25', '+00 123 1990123456', 40, '444.555.666-77', 'Vivian Rocha Ramos'),
('ana.cardoso@example.com', 'Rua das Violetas, 111, Recife', '1990-05-15', '+00 123 1987654321', 41, '123.456.789-00', 'Ana Cardoso Pereira'),
('pedro.rodrigues@example.com', 'Av. dos Cravos, 222, Olinda', '1985-09-20', '+00 123 1912345678', 42, '987.654.321-00', 'Pedro Rodrigues Teixeira'),
('carla.fernandes@example.com', 'Rua das Rosas, 333, Olinda', '1982-03-10', '+00 123 1923456789', 43, '456.789.012-00', 'Carla Andrade Fernandes'),
('lucas.martins@example.com', 'Av. das Orquídeas, 444', '1978-12-05', '+00 123 1934567890', 44, '789.012.345-00', 'Lucas Martins Moraes'),
('ana.silva@example.com', 'Rua das Tulipas, 555, Recife', '1995-07-25', '+00 123 1945678901', 45, '012.345.678-00', 'Ana Silva Vieira'),
('marcelo.pereira@example.com', 'Av. dos Lírios, 666, Recife', '1998-11-30', '+00 123 1956789012', 46, '234.567.890-00', 'Marcelo Pereira Araújo'),
('andre.almeida@example.com', 'Rua dos Cravos, 777', '1970-08-12', '+00 123 1967890123', 47, '567.890.123-00', 'André Almeida Nascimento'),
('carolina.santos@example.com', 'Av. das Margaridas, 888, Petrolina','1965-04-18', '+00 123 1978901234', 48, '901.234.567-00', 'Carolina Santos Sampaio'),
('roberto.lima@example.com', 'Rua das Orquídeas, 999, Olinda', '1980-01-22', '+00 123 1989012345', 49, '345.678.901-00', 'Roberto Lima Neves'),
('julia.oliveira@example.com', 'Av. dos Girassóis, 1010, Recife', '1993-06-08', '+00 123 1990123456', 50, '678.901.234-00', 'Júlia Oliveira Silva'),
('carlos.silva@example.com', 'Rua das Violetas, 1111, Olinda', '1987-09-14', '+00 123 1901234567', 51, '123.456.789-01', 'Carlos Silva Santos'),
('fernanda.rocha@example.com', 'Av. dos Cravos, 2222, Olinda', '1984-02-28', '+00 123 1912345678', 52, '987.654.321-01', 'Fernanda Rocha Oliveira'),
('bruno.almeida@example.com', 'Rua das Rosas, 3333', '1979-12-17', '+00 123 1923456789', 53, '456.789.012-01', 'Bruno Almeida Souza'),
('ana.rodrigues@example.com', 'Av. das Tulipas, 4444, Recife', '1996-07-05', '+00 123 1934567890', 54, '789.012.345-01', 'Ana Rodrigues Rodrigues'),
('marta.santos@example.com', 'Rua dos Lírios, 5555', '1972-04-30', '+00 123 1945678901', 55, '012.345.678-01', 'Marta Santos Ferreira'),
('leonardo.fernandes@example.com', 'Av. das Orquídeas, 6666, Olinda', '1988-10-20', '+00 123 1956789012', 56, '234.567.890-01', 'Leonardo Fernandes Almeida'),
('carla.silva@example.com', 'Rua das Margaridas, 7777, Recife', '1991-08-15', '+00 123 1967890123', 57, '567.890.123-01', 'Carla Silva Costa'),
('pedro.oliveira@example.com', 'Av. dos Cravos, 8888', '1976-03-05', '+00 123 1978901234', 58, '901.234.567-01', 'Pedro Oliveira Lima'),
('marina.lima@example.com', 'Rua das Rosas, 9999, Olinda', '1983-11-25', '+00 123 1989012345', 59, '345.678.901-01', 'Marina Lima Martins'),
('rafael.mendes@example.com', 'Av. dos Girassóis, 10101, Olinda', '1986-06-18', '+00 123 1990123456', 60, '678.901.234-01', 'Rafael Mendes Monteiro'),
('vitor.almeida@example.com', 'Rua dos Cravos, 111, Recife', '1994-05-15', '+00 123 1987654321', 61, '123.456.789-00', 'Vitor Almeida Castro'),
('natalia.rodrigues@example.com', 'Av. das Tulipas, 222, Olinda', '1989-09-20', '+00 123 1912345678', 62, '987.654.321-00', 'Natália Rodrigues Azevedo'),
('andre.silva@example.com', 'Rua das Rosas, 333, Olinda', '1986-03-10', '+00 123 1923456789', 63, '456.789.012-00', 'André Silva Nascimento'),
('carolina.martins@example.com', 'Av. dos Girassóis, 444, Olinda', '1981-12-05', '+00 123 1934567890', 64, '789.012.345-00', 'Carolina Martins Silva Neto'),
('pedro.fernandes@example.com', 'Rua das Orquídeas, 555, Recife', '1998-07-25', '+00 123 1945678901', 65, '012.345.678-00', 'Pedro Fernandes Duarte'),
('isabela.souza@example.com', 'Av. dos Lírios, 666', '1973-11-30', '+00 123 1956789012', 66, '234.567.890-00', 'Isabela Souza Vieira'),
('lucas.oliveira@example.com', 'Rua dos Cravos, 777', '1978-08-12', '+00 123 1967890123', 67, '567.890.123-00', 'Lucas Oliveira Cavalcanti'),
('maria.santos@example.com', 'Av. das Tulipas, 888, Petrolina','1960-04-18', '+00 123 1978901234', 68, '901.234.567-00', 'Maria Santos Cavalcante'),
('marcos.lima@example.com', 'Rua das Rosas, 999, Olinda', '1982-01-22', '+00 123 1989012345', 69, '345.678.901-00', 'Marcos Lima Silva Neto'),
('rafaela.pereira@example.com', 'Av. dos Girassóis, 1010, Recife', '1995-06-08', '+00 123 1990123456', 70, '678.901.234-00', 'Rafaela Pereira Machado'),
('daniel.almeida@example.com', 'Rua das Orquídeas, 1111, Olinda', '1989-09-14', '+00 123 1901234567', 71, '123.456.789-01', 'Daniel Almeida Silva Neto'),
('amanda.silva@example.com', 'Av. dos Lírios, 2222, Olinda', '1980-02-28', '+00 123 1912345678', 72, '987.654.321-01', 'Amanda Silva Mariano'),
('guilherme.rodrigues@example.com', 'Rua dos Cravos, 3333, Recife', '1996-07-05', '+00 123 1923456789', 73, '456.789.012-01', 'Guilherme Rodrigues Holanda'),
('julia.martins@example.com', 'Av. das Tulipas, 4444', '1972-04-30', '+00 123 1934567890', 74, '789.012.345-01', 'Júlia Martins Machado'),
('carlos.souza@example.com', 'Rua das Rosas, 5555, Olinda', '1988-10-20', '+00 123 1945678901', 75, '012.345.678-01', 'Carlos Souza Junior'),
('camila.oliveira@example.com', 'Av. dos Girassóis, 6666, Recife', '1991-08-15', '+00 123 1956789012', 76, '234.567.890-01', 'Camila Oliveira Moreira'),
('joao.santos@example.com', 'Rua das Orquídeas, 7777', '1976-03-05', '+00 123 1967890123', 77, '567.890.123-01', 'João Santos Saldanha'),
('fernanda.lima@example.com', 'Av. dos Lírios, 8888, Olinda', '1983-11-25', '+00 123 1978901234', 78, '901.234.567-01', 'Fernanda Lima Castro'),
('gabriel.silva@example.com', 'Rua das Rosas, 9999, Olinda', '1986-06-18', '+00 123 1989012345', 79, '345.678.901-01', 'Gabriel Silva Pinto'),
('vitor.oliveira@example.com', 'Av. dos Girassóis, 10101, Olinda', '1987-12-30', '+00 123 1990123456', 80, '678.901.234-01', 'Vitor Oliveira Mendes'),
('isabela.martins@example.com', 'Rua dos Cravos, 11111, Recife', '1990-05-15', '+00 123 1987654321', 81, '123.456.789-00', 'Isabela Martins Xavier'),
('pedro.souza@example.com', 'Av. das Tulipas, 22222, Olinda', '1985-09-20', '+00 123 1912345678', 82, '987.654.321-00', 'Pedro Souza Figueiredo'),
('ana.martins@example.com', 'Rua das Rosas, 33333, Olinda', '1982-03-10', '+00 123 1923456789', 83, '456.789.012-00', 'Ana Martins Bartolomeu'),
('marcos.fernandes@example.com', 'Av. dos Girassóis, 44444', '1978-12-05', '+00 123 1934567890', 84, '789.012.345-00', 'Marcos Fernandes Castro'),
('julia.rodrigues@example.com', 'Rua das Orquídeas, 55555, Recife', '1995-07-25', '+00 123 1945678901', 85, '012.345.678-00', 'Hadassa Rodrigues Vieira'),
('gabriel.lima@example.com', 'Av. dos Lírios, 66666', '1970-11-30', '+00 123 1956789012', 86, '234.567.890-00', 'Gabriel Lima Montreal'),
('maria.souza@example.com', 'Rua dos Cravos, 77777', '1978-08-12', '+00 123 1967890123', 87, '567.890.123-00', 'Maria Souza Bartolomeu'),
('bruno.oliveira@example.com', 'Av. das Tulipas, 88888, Petrolina','1965-04-18', '+00 123 1978901234', 88, '901.234.567-00', 'Bruno Oliveira dos Santos'),
('juliana.rocha@example.com', 'Rua das Rosas, 99999, Olinda', '1980-01-22', '+00 123 1989012345', 89, '345.678.901-00', 'Juliana Rocha Silva'),
('lucas.silva@example.com', 'Av. dos Girassóis, 101010, Recife', '1993-06-08', '+00 123 1990123456', 90, '678.901.234-00', 'Lucas Silva Ferreira'),
('ana.oliveira@example.com', 'Rua das Orquídeas, 111111, Olinda', '1987-09-14', '+00 123 1901234567', 91, '123.456.789-01', 'Ana Oliveira Fagundes'),
('matheus.santos@example.com', 'Av. dos Lírios, 222222, Olinda', '1984-02-28', '+00 123 1912345678', 92, '987.654.321-01', 'Matheus Santos Pinheiro'),
('laura.almeida@example.com', 'Rua dos Cravos, 333333, Recife', '1996-07-05', '+00 123 1923456789', 93, '456.789.012-01', 'Laura Almeida Muller'),
('felipe.rodrigues@example.com', 'Av. das Tulipas, 444444', '1972-04-30', '+00 123 1934567890', 94, '789.012.345-01', 'Felipe Rodrigues Oliveira'),
('sophia.silva@example.com', 'Rua das Rosas, 555555, Olinda', '1988-10-20', '+00 123 1945678901', 95, '012.345.678-01', 'Sophia Silva Pereira'),
('carlos.martins@example.com', 'Av. dos Girassóis, 666666, Recife', '1991-08-15', '+00 123 1956789012', 96, '234.567.890-01', 'Carlos Martins Carvalho'),
('giovanna.fernandes@example.com', 'Rua das Orquídeas, 777777', '1976-03-05', '+00 123 1967890123', 97, '567.890.123-01', 'Giovanna Fernandes Moura'),
('mateus.souza@example.com', 'Av. dos Lírios, 888888, Olinda', '1983-11-25', '+00 123 1978901234', 98, '901.234.567-01', 'Mateus Souza Jarbas'),
('larissa.rocha@example.com', 'Rua das Rosas, 999999, Olinda', '2007-03-17', '+00 123 1989012345', 99, '345.678.901-01', 'Larissa Rocha Lima'),
('gabriel.ferreira@example.com', 'Av. dos Girassois, 1010101, Olinda', '2017-05-18', '+00 123 1990123456', 100, '678.901.234-01', 'Gabriel Ferreira Fagundes Neto'),
('elena.gomes.rocha@example.com', 'Rua Rocha, 6064', '2016-11-22', '+00 123 1911448856', 101, '418.682.491-00', 'Elena Gomes Rocha'),
('carla.lima.ribeiro@example.com', 'Rua Costa, 216, Recife', '2017-04-07', '+00 123 1954601184', 102, '135.756.980-00', 'Carla Lima Ribeiro'),
('joão.martins.ferreira@example.com', 'Rua Silva, 5527, Olinda', '2020-09-21', '+00 123 1915007765', 103, '283.177.241-00', 'João Martins Ferreira'),
('larissa.monteiro.oliveira@example.com', 'Rua Monteiro, 3246, Recife', '2009-06-10', '+00 123 1940414684', 104, '911.259.253-00', 'Larissa Monteiro Oliveira'),
('isabela.martins.silva@example.com', 'Rua Alves, 2924,  Carpina', '2010-01-18', '+00 123 1970815933', 105, '789.536.437-00', 'Isabela Martins Silva'),
('paulo.barros.freitas@example.com', 'Rua Rocha, 8092,  Carpina', '2015-12-04', '+00 123 1915068442', 106, '224.555.160-00', 'Paulo Barros Freitas'),
('joão.oliveira.rocha@example.com', 'Rua Gomes, 3439,  Carpina', '2020-03-01', '+00 123 1958648107', 107, '158.193.880-00', 'João Oliveira Rocha'),
('mario.monteiro.souza@example.com', 'Rua Ferreira, 590, Olinda', '2016-03-27', '+00 123 1999301459', 108, '167.238.664-00', 'Mario Monteiro Souza'),
('elena.rocha.pinto@example.com', 'Rua Pinto, 8878, Olinda', '2007-08-12', '+00 123 1960330478', 109, '771.180.273-00', 'Elena Rocha Pinto'),
('vinicius.alves.mendes@example.com', 'Rua Oliveira, 261, Petrolina', '2007-11-18', '+00 123 1995894934', 110, '429.560.816-00', 'Vinicius Alves Mendes'),
('larissa.gomes.santos@example.com', 'Rua Martins, 582, Recife', '2015-10-19', '+00 123 1978611076', 111, '792.169.693-00', 'Larissa Gomes Santos'),
('carla.mendes.ribeiro@example.com', 'Rua Barros, 3842,  Carpina', '2006-04-02', '+00 123 1984698102', 112, '715.436.612-00', 'Carla Mendes Ribeiro'),
('bruno.costa.ribeiro@example.com', 'Rua Almeida, 5611,  Carpina', '2010-12-27', '+00 123 1982910262', 113, '803.107.914-00', 'Bruno Costa Ribeiro'),
('fabio.lima.santos@example.com', 'Rua Costa, 2481, Recife', '2015-08-21', '+00 123 1911534233', 114, '850.578.697-00', 'Fabio Lima Santos'),
('mario.monteiro.oliveira@example.com', 'Rua Martins, 4482, Olinda', '2006-04-05', '+00 123 1928880914', 115, '993.572.324-00', 'Mario Monteiro Oliveira'),
('joão.almeida.alves@example.com', 'Rua Mendes, 6474, Olinda', '2008-09-06', '+00 123 1945120069', 116, '887.119.201-00', 'João Almeida Alves'),
('paulo.mendes.gomes@example.com', 'Rua Gomes, 1549, Recife', '2014-04-14', '+00 123 1950564735', 117, '294.617.897-00', 'Paulo Mendes Gomes'),
('fabio.silva.barros@example.com', 'Rua Ribeiro, 2782, Recife', '2018-12-16', '+00 123 1998904043', 118, '189.424.152-00', 'Fabio Silva Barros'),
('olivia.souza.costa@example.com', 'Rua Santos, 6375,  Carpina', '2010-12-13', '+00 123 1980941447', 119, '402.627.808-00', 'Olivia Souza Costa'),
('mario.rocha.gomes@example.com', 'Rua Ferreira, 5135, Petrolina', '2010-09-28', '+00 123 1914817641', 120, '568.644.325-00', 'Mario Rocha Gomes'),
('joão.gomes.souza@example.com', 'Rua Pinto, 8632,  Carpina', '2014-08-19', '+00 123 1913248978', 121, '750.442.880-00', 'João Gomes Souza'),
('ana.ribeiro.barbosa@example.com', 'Rua Ribeiro, 8689, Recife', '2008-02-08', '+00 123 1934399641', 122, '766.153.692-00', 'Ana Ribeiro Barbosa'),
('rafael.rodrigues.gomes@example.com', 'Rua Rodrigues, 7445, Petrolina', '2020-03-10', '+00 123 1951877961', 123, '569.901.649-00', 'Lucas Rodolfo Celestino'),
('elena.alves.mendes@example.com', 'Rua Ribeiro, 8358, Petrolina', '2013-09-17', '+00 123 1995953053', 124, '213.456.763-00', 'Elena Alves Mendes'),
('hugo.mendes.gomes@example.com', 'Rua Martins, 3298, Recife', '2018-08-28', '+00 123 1924230465', 125, '743.893.795-00', 'Hugo Mendes Gomes'),
('natalia.barbosa.lima@example.com', 'Rua Pinto, 4741, Olinda', '2012-09-14', '+00 123 1914862528', 126, '546.994.831-00', 'Natalia Barbosa Lima'),
('fabio.pinto.rodrigues@example.com', 'Rua Ferreira, 4701,  Carpina', '2010-09-03', '+00 123 1910807474', 127, '875.785.159-00', 'Fabio Pinto Rodrigues'),
('mario.ribeiro.alves@example.com', 'Rua Silva, 5995, Petrolina', '2015-12-29', '+00 123 1953841896', 128, '415.312.673-00', 'Mario Ribeiro Alves'),
('paulo.oliveira.rocha@example.com', 'Rua Monteiro, 3035, Olinda', '2007-11-12', '+00 123 1961556727', 129, '637.960.367-00', 'Paulo Oliveira Rocha'),
('olivia.barbosa.costa@example.com', 'Rua Alves, 9082, Recife', '2010-04-25', '+00 123 1983001905', 130, '186.813.628-00', 'Olivia Barbosa Costa'),
('ursula.silva.alves@example.com', 'Rua Oliveira, 2534, Recife', '2019-06-22', '+00 123 1961751916', 131, '424.335.879-00', 'Ursula Silva Alves'),
('larissa.barros.silva@example.com', 'Rua Ribeiro, 4742, Petrolina', '2008-05-13', '+00 123 1962808234', 132, '474.405.884-00', 'Larissa Barros Silva'),
('ursula.costa.martins@example.com', 'Rua Ferreira, 9900, Olinda', '2020-02-18', '+00 123 1952857910', 133, '154.427.760-00', 'Ursula Costa Martins'),
('larissa.mendes.almeida@example.com', 'Rua Rocha, 2259, Recife', '2018-03-28', '+00 123 1985668820', 134, '840.832.842-00', 'Larissa Mendes Almeida'),
('ursula.martins.mendes@example.com', 'Rua Monteiro, 7764, Olinda', '2010-07-24', '+00 123 1988723888', 135, '582.870.872-00', 'Ursula Martins Mendes'),
('gabriela.silva.ferreira@example.com', 'Rua Freitas, 2470, Recife', '2020-10-30', '+00 123 1910115056', 136, '124.988.601-00', 'Gabriela Silva Ferreira'),
('elena.almeida.freitas@example.com', 'Rua Alves, 5439,  Carpina', '2006-02-10', '+00 123 1993299215', 137, '324.440.630-00', 'Elena Almeida Freitas'),
('natalia.ferreira.oliveira@example.com', 'Rua Rocha, 9643, Recife', '2020-05-04', '+00 123 1950114644', 138, '155.425.993-00', 'Natalia Ferreira Oliveira'),
('sofia.ferreira.souza@example.com', 'Rua Ferreira, 7163, Recife', '2011-10-26', '+00 123 1956540855', 139, '209.749.892-00', 'Sofia Ferreira Souza'),
('bruno.lima.ribeiro@example.com', 'Rua Ferreira, 8314', '2020-02-22', '+00 123 1929361141', 140, '425.163.532-00', 'Bruno Lima Ribeiro'),
('larissa.alves.almeida@example.com', 'Rua Souza, 8891', '2020-06-09', '+00 123 1941971586', 141, '182.914.588-00', 'Larissa Alves Almeida'),
('hugo.barbosa.alves@example.com', 'Rua Barros, 3773, Recife', '2017-06-23', '+00 123 1935920413', 142, '628.538.575-00', 'Hugo Barbosa Alves'),
('rafael.oliveira.mendes@example.com', 'Rua Rodrigues, 1400, Olinda', '2008-12-14', '+00 123 1971321171', 143, '496.667.132-00', 'Rafael Oliveira Mendes'),
('ursula.monteiro.silva@example.com', 'Rua Lima, 7696, Olinda', '2012-02-19', '+00 123 1965438228', 144, '115.182.156-00', 'Ursula Monteiro Silva'),
('gabriela.ferreira.lima@example.com', 'Rua Freitas, 732, Olinda', '2013-07-04', '+00 123 1927436052', 145, '695.767.884-00', 'Gabriela Ferreira Lima'),
('ana.ribeiro.rodrigues@example.com', 'Rua Alves, 2612, Petrolina', '2016-11-13', '+00 123 1951493947', 146, '764.164.179-00', 'Ana Ribeiro Rodrigues'),
('gabriela.pinto.freitas@example.com', 'Rua Costa, 3189,  Carpina', '2007-07-01', '+00 123 1942362238', 147, '926.557.824-00', 'Gabriela Pinto Freitas'),
('isabela.ferreira.rodrigues@example.com', 'Rua Pinto, 3208, Recife', '2007-06-12', '+00 123 1984370741', 148, '418.832.664-00', 'Isabela Ferreira Rodrigues'),
('carla.barros.lima@example.com', 'Rua Barbosa, 8644,  Carpina', '2019-01-02', '+00 123 1915480329', 149, '462.123.126-00', 'Carla Barros Lima'),
('elena.rocha.monteiro@example.com', 'Rua Freitas, 7882, Recife', '2015-05-13', '+00 123 1990575156', 150, '747.234.499-00', 'Elena Rocha Monteiro'),
('rafael.martins.barbosa@example.com', 'Rua Almeida, 8926, Recife', '2017-12-08', '+00 123 1974322976', 151, '849.126.116-00', 'Rafael Martins Barbosa'),
('carla.martins.ferreira@example.com', 'Rua Santos, 9052,  Carpina', '2015-01-30', '+00 123 1952989396', 152, '602.503.235-00', 'Carla Martins Ferreira'),
('vinicius.monteiro.mendes@example.com', 'Rua Lima, 5414, Olinda', '2016-12-15', '+00 123 1921847784', 153, '733.871.770-00', 'Vinicius Monteiro Mendes'),
('tiago.alves.lima@example.com', 'Rua Almeida, 4536', '2016-02-17', '+00 123 1917072141', 154, '856.750.319-00', 'Tiago Alves Lima'),
('joão.barros.ferreira@example.com', 'Rua Santos, 6593, Recife', '2020-05-02', '+00 123 1995142052', 155, '590.432.911-00', 'João Barros Ferreira'),
('hugo.rodrigues.barros@example.com', 'Rua Freitas, 3282,  Carpina', '2018-07-14', '+00 123 1978887611', 156, '768.697.336-00', 'Hugo Rodrigues Barros'),
('sofia.alves.oliveira@example.com', 'Rua Souza, 7012', '2014-12-14', '+00 123 1926305062', 157, '363.149.423-00', 'Sofia Alves Oliveira'),
('joão.rocha.alves@example.com', 'Rua Gomes, 1623', '2010-12-18', '+00 123 1940339955', 158, '427.666.142-00', 'João Rocha Alves'),
('tiago.costa.silva@example.com', 'Rua Almeida, 1986, Olinda', '2009-05-23', '+00 123 1967355531', 159, '118.888.132-00', 'Tiago Costa Silva'),
('elena.rodrigues.costa@example.com', 'Rua Mendes, 106, Petrolina', '2015-01-24', '+00 123 1970171783', 160, '447.993.544-00', 'Elena Rodrigues Costa'),
('natalia.santos.rocha@example.com', 'Rua Souza, 9068, Olinda', '2007-03-20', '+00 123 1998619067', 161, '909.252.316-00', 'Natalia Santos Rocha'),
('rafael.lima.souza@example.com', 'Rua Gomes, 8424, Olinda', '2016-10-03', '+00 123 1927227006', 162, '432.984.100-00', 'Rafael Lima Souza'),
('fabio.silva.ferreira@example.com', 'Rua Freitas, 1928, Olinda', '2010-01-28', '+00 123 1926685706', 163, '510.507.163-00', 'Fabio Silva Ferreira'),
('joão.martins.santos@example.com', 'Rua Souza, 863, Petrolina', '2020-09-15', '+00 123 1956070327', 164, '789.445.716-00', 'João Martins Santos'),
('isabela.barbosa.souza@example.com', 'Rua Silva, 5133, Olinda', '2016-04-22', '+00 123 1927115157', 165, '937.597.486-00', 'Isabela Barbosa Souza'),
('natalia.oliveira.pinto@example.com', 'Rua Mendes, 4157,  Carpina', '2014-08-03', '+00 123 1961725421', 166, '111.576.286-00', 'Natalia Oliveira Pinto'),
('carla.gomes.oliveira@example.com', 'Rua Almeida, 456', '2013-12-19', '+00 123 1942034284', 167, '969.701.461-00', 'Carla Gomes Oliveira'),
('olivia.barros.souza@example.com', 'Rua Ferreira, 1407, Recife', '2020-09-16', '+00 123 1974887757', 168, '807.670.178-00', 'Olivia Barros Souza'),
('david.lima.barbosa@example.com', 'Rua Rodrigues, 3811,  Carpina', '2016-03-17', '+00 123 1932320641', 169, '623.898.507-00', 'David Lima Barbosa'),
('hugo.monteiro.costa@example.com', 'Rua Martins, 3187, Petrolina', '2014-12-02', '+00 123 1965661493', 170, '436.990.300-00', 'Hugo Monteiro Costa'),
('olivia.barros.rocha@example.com', 'Rua Pinto, 2774,  Carpina', '2019-08-10', '+00 123 1940767180', 171, '176.180.855-00', 'Olivia Barros Rocha'),
('joão.alves.pinto@example.com', 'Rua Barbosa, 9575,  Carpina', '2011-03-28', '+00 123 1933234696', 172, '556.826.287-00', 'João Alves Pinto'),
('rafael.souza.gomes@example.com', 'Rua Alves, 3681', '2014-01-11', '+00 123 1984019379', 173, '144.968.647-00', 'Rafael Souza Gomes'),
('ursula.freitas.alves@example.com', 'Rua Santos, 3645, Recife', '2020-07-08', '+00 123 1938636221', 174, '800.677.301-00', 'Ursula Freitas Alves'),
('david.barbosa.oliveira@example.com', 'Rua Martins, 6172', '2016-01-19', '+00 123 1971762566', 175, '313.551.998-00', 'David Barbosa Oliveira'),
('vinicius.souza.lima@example.com', 'Rua Ferreira, 8669, Olinda', '2006-04-18', '+00 123 1979046518', 176, '694.893.173-00', 'Vinicius Souza Lima'),
('david.lima.rodrigues@example.com', 'Rua Costa, 8094,  Carpina', '2010-08-02', '+00 123 1966191592', 177, '980.515.844-00', 'David Lima Rodrigues'),
('ursula.oliveira.ribeiro@example.com', 'Rua Barbosa, 8669', '2013-06-28', '+00 123 1922599549', 178, '602.515.701-00', 'Ursula Oliveira Ribeiro'),
('ana.ribeiro.ferreira@example.com', 'Rua Lima, 5691,  Carpina', '2014-02-17', '+00 123 1965819097', 179, '628.230.882-00', 'Ana Ribeiro Ferreira'),
('paulo.rodrigues.martins@example.com', 'Rua Oliveira, 4593, Olinda', '2013-07-05', '+00 123 1973265236', 180, '220.552.804-00', 'Paulo Rodrigues Martins'),
('ana.almeida.rodrigues@example.com', 'Rua Rocha, 8527,  Carpina', '2016-12-12', '+00 123 1962488360', 181, '911.233.396-00', 'Ana Almeida Rodrigues'),
('tiago.gomes.almeida@example.com', 'Rua Almeida, 6070', '2006-11-02', '+00 123 1980950656', 182, '972.891.971-00', 'Tiago Gomes Almeida'),
('paulo.almeida.santos@example.com', 'Rua Oliveira, 190', '2013-09-20', '+00 123 1926730752', 183, '619.417.897-00', 'Paulo Almeida Santos'),
('mario.barros.alves@example.com', 'Rua Alves, 6360, Olinda', '2017-02-05', '+00 123 1993283113', 184, '763.950.142-00', 'Mario Barros Alves'),
('vinicius.freitas.barbosa@example.com', 'Rua Ribeiro, 2750, Petrolina', '2006-08-14', '+00 123 1913771070', 185, '744.198.870-00', 'Vinicius Freitas Barbosa'),
('elena.costa.oliveira@example.com', 'Rua Barros, 4046, Olinda', '2018-11-16', '+00 123 1959760471', 186, '629.806.507-00', 'Elena Costa Oliveira'),
('joão.souza.lima@example.com', 'Rua Almeida, 3596,  Carpina', '2013-08-10', '+00 123 1977095570', 187, '880.664.845-00', 'João Souza Lima'),
('tiago.alves.gomes@example.com', 'Rua Oliveira, 6254,  Carpina', '2008-09-23', '+00 123 1973714471', 188, '625.512.273-00', 'Tiago Alves Gomes'),
('tiago.barros.lima@example.com', 'Rua Santos, 7123', '2011-08-05', '+00 123 1971178196', 189, '203.196.704-00', 'Tiago Barros Lima'),
('paulo.mendes.silva@example.com', 'Rua Lima, 4341, Olinda', '2012-10-10', '+00 123 1928365759', 190, '933.106.607-00', 'Paulo Mendes Silva'),
('mario.souza.monteiro@example.com', 'Rua Santos, 4639, Recife', '2012-01-06', '+00 123 1936474303', 191, '578.526.257-00', 'Mario Souza Monteiro'),
('david.ferreira.oliveira@example.com', 'Rua Almeida, 3671, Recife', '2007-05-07', '+00 123 1927635079', 192, '630.851.434-00', 'David Ferreira Oliveira'),
('elena.barros.ferreira@example.com', 'Rua Gomes, 5858', '2019-10-20', '+00 123 1922862164', 193, '696.721.661-00', 'Elena Barros Ferreira'),
('sofia.monteiro.souza@example.com', 'Rua Ferreira, 2397, Petrolina', '2010-04-03', '+00 123 1933897146', 194, '759.618.288-00', 'Sofia Monteiro Souza'),
('bruno.rocha.monteiro@example.com', 'Rua Souza, 4551', '2007-01-01', '+00 123 1973455885', 195, '141.613.821-00', 'Bruno Rocha Monteiro'),
('larissa.rodrigues.ribeiro@example.com', 'Rua Santos, 7220, Petrolina', '2013-02-10', '+00 123 1925435289', 196, '225.639.538-00', 'Larissa Rodrigues Ribeiro'),
('mario.oliveira.costa@example.com', 'Rua Silva, 7995', '2012-08-03', '+00 123 1983241026', 197, '975.783.149-00', 'Mario Oliveira Costa'),
('isabela.pinto.costa@example.com', 'Rua Costa, 4262,  Carpina', '2017-08-07', '+00 123 1926405627', 198, '870.765.549-00', 'Isabela Pinto Costa'),
('hugo.mendes.monteiro@example.com', 'Rua Pinto, 8936, Olinda', '2012-04-08', '+00 123 1910149564', 199, '304.553.552-00', 'Hugo Mendes Monteiro'),
('sofia.ferreira.rocha@example.com', 'Rua Alves, 4476', '2010-05-01', '+00 123 1921039638', 200, '867.647.610-00', 'Sofia Ferreira Rocha'),
('fabio.oliveira.ribeiro@example.com', 'Rua Lima, 7147', '2019-03-29', '+00 123 1981827612', 201, '823.278.197-00', 'Fabio Oliveira Ribeiro'),
('ursula.mendes.alves@example.com', 'Rua Ribeiro, 5763', '2009-02-05', '+00 123 1991760408', 202, '354.557.897-00', 'Ursula Mendes Alves'),
('isabela.souza.pinto@example.com', 'Rua Ferreira, 6022, Petrolina', '2006-03-25', '+00 123 1933948995', 203, '411.489.734-00', 'Isabela Souza Pinto'),
('paulo.rocha.costa@example.com', 'Rua Rocha, 2578, Recife', '2020-03-11', '+00 123 1995108093', 204, '279.148.796-00', 'Paulo Rocha Costa'),
('natalia.rocha.pinto@example.com', 'Rua Costa, 8971, Olinda', '2019-10-11', '+00 123 1916441707', 205, '821.609.127-00', 'Natalia Rocha Pinto'),
('elena.costa.lima@example.com', 'Rua Barros, 1941,  Carpina', '2017-06-17', '+00 123 1973988328', 206, '973.901.412-00', 'Elena Costa Lima'),
('paulo.silva.santos@example.com', 'Rua Alves, 3078', '2017-05-17', '+00 123 1919820680', 207, '758.972.664-00', 'Paulo Silva Santos'),
('olivia.almeida.gomes@example.com', 'Rua Souza, 4062,  Carpina', '2009-01-31', '+00 123 1960105981', 208, '176.991.101-00', 'Olivia Almeida Gomes'),
('natalia.ribeiro.martins@example.com', 'Rua Gomes, 1475, Jaboatao dos Guararapes', '2006-08-21', '+00 123 1990727813', 209, '904.424.504-00', 'Natalia Ribeiro Martins'),
('david.lima.souza@example.com', 'Rua Ribeiro, 4984, Petrolina', '2014-02-04', '+00 123 1997592353', 210, '357.920.848-00', 'David Lima Souza'),
('hugo.barros.martins@example.com', 'Rua Mendes, 7424, Jaboatao dos Guararapes', '2013-06-10', '+00 123 1994257859', 211, '135.477.948-00', 'Hugo Barros Martins'),
('ursula.gomes.costa@example.com', 'Rua Souza, 6231, Recife', '2010-08-26', '+00 123 1944750189', 212, '262.652.606-00', 'Ursula Gomes Costa'),
('natalia.mendes.monteiro@example.com', 'Rua Almeida, 5217, Jaboatao dos Guararapes', '2009-03-07', '+00 123 1970206169', 213, '825.928.727-00', 'Natalia Mendes Monteiro'),
('rafael.oliveira.lima@example.com', 'Rua Souza, 8435', '2009-07-31', '+00 123 1989107188', 214, '223.596.514-00', 'Rafael Oliveira Lima'),
('natalia.lima.freitas@example.com', 'Rua Freitas, 4477,  Carpina', '2008-11-19', '+00 123 1998248373', 215, '367.378.924-00', 'Natalia Lima Freitas'),
('rafael.barbosa.rocha@example.com', 'Rua Oliveira, 2342, Petrolina', '2008-06-18', '+00 123 1915296040', 216, '240.459.759-00', 'Rafael Barbosa Rocha'),
('fabio.silva.ribeiro@example.com', 'Rua Ribeiro, 3425, Recife', '2012-10-31', '+00 123 1989890250', 217, '943.321.803-00', 'Fabio Silva Ribeiro'),
('paulo.souza.gomes@example.com', 'Rua Souza, 984, Petrolina', '2011-12-22', '+00 123 1986798895', 218, '553.478.434-00', 'Paulo Souza Gomes'),
('elena.barbosa.monteiro@example.com', 'Rua Barros, 9948, Jaboatao dos Guararapes', '2019-09-22', '+00 123 1939897800', 219, '418.390.146-00', 'Elena Barbosa Monteiro'),
('bruno.ribeiro.martins@example.com', 'Rua Silva, 5599,  Carpina', '2008-10-06', '+00 123 1937386725', 220, '404.182.854-00', 'Bruno Ribeiro Martins'),
('gabriela.alves.barros@example.com', 'Rua Costa, 5160, Petrolina', '2010-04-03', '+00 123 1981802506', 221, '973.471.341-00', 'Gabriela Alves Barros'),
('gabriela.monteiro.souza@example.com', 'Rua Souza, 4894', '2010-08-21', '+00 123 1933731223', 222, '319.874.582-00', 'Gabriela Monteiro Souza'),
('sofia.barbosa.alves@example.com', 'Rua Lima, 6230,  Carpina', '2007-12-26', '+00 123 1947507773', 223, '104.580.899-00', 'Sofia Barbosa Alves'),
('joão.freitas.costa@example.com', 'Rua Mendes, 3772, Petrolina', '2006-02-23', '+00 123 1948490767', 224, '104.175.392-00', 'João Freitas Costa'),
('rafael.barros.silva@example.com', 'Rua Costa, 3017, Petrolina', '2010-07-02', '+00 123 1917901645', 225, '398.849.737-00', 'Rafael Barros Silva'),
('mario.gomes.alves@example.com', 'Rua Souza, 4788, Petrolina', '2019-02-24', '+00 123 1940995822', 226, '351.469.342-00', 'Mario Gomes Alves'),
('bruno.barros.silva@example.com', 'Rua Barbosa, 5029, Jaboatao dos Guararapes', '2020-05-21', '+00 123 1924996221', 227, '349.571.531-00', 'Bruno Barros Silva'),
('larissa.mendes.rodrigues@example.com', 'Rua Silva, 2173, Jaboatao dos Guararapes', '2006-01-21', '+00 123 1938817661', 228, '304.111.261-00', 'Larissa Mendes Rodrigues'),
('natalia.ferreira.freitas@example.com', 'Rua Lima, 5900, Jaboatao dos Guararapes', '2013-07-16', '+00 123 1921058756', 229, '710.486.908-00', 'Natalia Ferreira Freitas'),
('carla.gomes.lima@example.com', 'Rua Ferreira, 6478, Jaboatao dos Guararapes', '2015-02-05', '+00 123 1981593453', 230, '810.846.665-00', 'Carla Gomes Lima'),
('vinicius.barros.mendes@example.com', 'Rua Monteiro, 8816,  Carpina', '2013-10-11', '+00 123 1962737411', 231, '262.982.913-00', 'Vinicius Barros Mendes'),
('mario.rodrigues.ribeiro@example.com', 'Rua Pinto, 7858, Petrolina', '2012-11-15', '+00 123 1968555775', 232, '136.167.579-00', 'Mario Rodrigues Ribeiro'),
('david.monteiro.costa@example.com', 'Rua Souza, 3443, Petrolina', '2013-03-30', '+00 123 1947884701', 233, '539.111.921-00', 'David Monteiro Costa'),
('gabriela.martins.barbosa@example.com', 'Rua Rocha, 3490,  Carpina', '2012-03-28', '+00 123 1941329825', 234, '278.727.482-00', 'Gabriela Martins Barbosa'),
('sofia.alves.gomes@example.com', 'Rua Souza, 8075, Recife', '2020-09-26', '+00 123 1990995656', 235, '107.907.485-00', 'Sofia Alves Gomes'),
('vinicius.ribeiro.gomes@example.com', 'Rua Almeida, 5730, Petrolina', '2007-06-23', '+00 123 1961682821', 236, '157.402.327-00', 'Vinicius Ribeiro Gomes'),
('mario.alves.barbosa@example.com', 'Rua Pinto, 7361,  Carpina', '2006-12-01', '+00 123 1969385401', 237, '854.278.157-00', 'Mario Alves Barbosa'),
('paulo.pinto.silva@example.com', 'Rua Barbosa, 5008,  Carpina', '2011-12-30', '+00 123 1949478156', 238, '873.438.303-00', 'Paulo Pinto Silva'),
('hugo.lima.almeida@example.com', 'Rua Barros, 2502, Recife', '2020-10-09', '+00 123 1923920715', 239, '882.732.161-00', 'Hugo Lima Almeida'),
('rafael.barbosa.pinto@example.com', 'Rua Almeida, 2646, Recife', '2020-05-16', '+00 123 1914277779', 240, '334.349.664-00', 'Rafael Barbosa Pinto'),
('rafael.ribeiro.barbosa@example.com', 'Rua Ferreira, 3797,  Carpina', '2016-10-09', '+00 123 1932681323', 241, '331.858.997-00', 'Rafael Ribeiro Barbosa'),
('vinicius.mendes.souza@example.com', 'Rua Gomes, 6082', '2010-07-13', '+00 123 1965165976', 242, '634.404.481-00', 'Vinicius Mendes Souza'),
('bruno.freitas.mendes@example.com', 'Rua Alves, 7721,  Carpina', '2007-10-09', '+00 123 1917055770', 243, '604.748.188-00', 'Bruno Freitas Mendes'),
('natalia.oliveira.silva@example.com', 'Rua Oliveira, 8161,  Carpina', '2013-03-08', '+00 123 1936351108', 244, '362.169.944-00', 'Natalia Oliveira Silva'),
('ursula.ribeiro.almeida@example.com', 'Rua Lima, 4620, Jaboatao dos Guararapes', '2007-07-24', '+00 123 1989419130', 245, '550.723.250-00', 'Ursula Ribeiro Almeida'),
('carla.souza.costa@example.com', 'Rua Gomes, 766', '2016-06-25', '+00 123 1968704017', 246, '312.822.302-00', 'Carla Souza Costa'),
('natalia.oliveira.gomes@example.com', 'Rua Barbosa, 9102, Recife', '2008-12-15', '+00 123 1964186625', 247, '136.510.432-00', 'Natalia Oliveira Gomes'),
('sofia.gomes.barbosa@example.com', 'Rua Ribeiro, 5632, Jaboatao dos Guararapes', '2011-04-11', '+00 123 1998274844', 248, '731.343.209-00', 'Sofia Gomes Barbosa'),
('hugo.lima.souza@example.com', 'Rua Silva, 2771, Petrolina', '2011-08-24', '+00 123 1924990661', 249, '101.530.914-00', 'Hugo Lima Souza'),
('sofia.silva.mendes@example.com', 'Rua Souza, 8036, Jaboatao dos Guararapes', '2019-07-08', '+00 123 1939372207', 250, '181.209.305-00', 'Sofia Silva Mendes'),
('sofia.freitas.almeida@example.com', 'Rua Gomes, 4588, Petrolina', '2019-06-01', '+00 123 1917501828', 251, '381.137.164-00', 'Sofia Freitas Almeida'),
('gabriela.almeida.silva@example.com', 'Rua Freitas, 7365, Recife', '2012-05-25', '+00 123 1980752199', 252, '718.228.899-00', 'Gabriela Almeida Silva'),
('larissa.lima.gomes@example.com', 'Rua Silva, 6143, Petrolina', '2018-09-13', '+00 123 1961670025', 253, '171.578.121-00', 'Larissa Lima Gomes'),
('natalia.almeida.martins@example.com', 'Rua Barros, 583,  Carpina', '2008-06-21', '+00 123 1954349395', 254, '720.109.178-00', 'Natalia Almeida Martins'),
('natalia.gomes.pinto@example.com', 'Rua Costa, 4400, Recife', '2016-06-18', '+00 123 1940253610', 255, '245.822.394-00', 'Natalia Gomes Pinto'),
('hugo.costa.pinto@example.com', 'Rua Mendes, 2126, Jaboatao dos Guararapes', '2014-08-03', '+00 123 1997305301', 256, '539.246.157-00', 'Hugo Costa Pinto'),
('joão.costa.ferreira@example.com', 'Rua Santos, 2087', '2016-09-22', '+00 123 1996590735', 257, '392.850.590-00', 'João Costa Ferreira'),
('sofia.alves.ferreira@example.com', 'Rua Barbosa, 8476,  Carpina', '2006-01-14', '+00 123 1935657214', 258, '954.982.907-00', 'Sofia Alves Ferreira'),
('natalia.souza.costa@example.com', 'Rua Rodrigues, 4446', '2015-11-05', '+00 123 1928882302', 259, '952.491.356-00', 'Natalia Souza Costa'),
('isabela.rodrigues.ribeiro@example.com', 'Rua Mendes, 6599', '2008-09-12', '+00 123 1959874087', 260, '397.302.377-00', 'Isabela Rodrigues Ribeiro'),
('bruno.gomes.barbosa@example.com', 'Rua Rocha, 4341, Recife', '2008-02-13', '+00 123 1926245671', 261, '230.993.274-00', 'Bruno Gomes Barbosa'),
('fabio.freitas.almeida@example.com', 'Rua Martins, 434, Jaboatao dos Guararapes', '2008-07-30', '+00 123 1932216458', 262, '294.365.268-00', 'Fabio Freitas Almeida'),
('gabriela.oliveira.mendes@example.com', 'Rua Silva, 7332, Petrolina', '2006-02-12', '+00 123 1963938748', 263, '652.628.132-00', 'Gabriela Oliveira Mendes'),
('sofia.ribeiro.barros@example.com', 'Rua Almeida, 6576, Recife', '2017-12-24', '+00 123 1911374860', 264, '647.669.430-00', 'Sofia Ribeiro Barros'),
('bruno.pinto.rocha@example.com', 'Rua Barros, 7450,  Carpina', '2020-12-19', '+00 123 1920309446', 265, '175.286.764-00', 'Bruno Pinto Rocha'),
('mario.gomes.lima@example.com', 'Rua Rocha, 1557, Jaboatao dos Guararapes', '2013-12-12', '+00 123 1924224468', 266, '828.398.593-00', 'Mario Gomes Lima'),
('larissa.santos.ferreira@example.com', 'Rua Pinto, 1780, Petrolina', '2015-11-12', '+00 123 1966330311', 267, '300.506.951-00', 'Larissa Santos Ferreira'),
('elena.lima.ribeiro@example.com', 'Rua Almeida, 2834', '2010-07-08', '+00 123 1972026566', 268, '828.721.616-00', 'Elena Lima Ribeiro'),
('tiago.costa.ferreira@example.com', 'Rua Rodrigues, 6323,  Carpina', '2007-06-29', '+00 123 1963103396', 269, '709.762.406-00', 'Tiago Costa Ferreira'),
('isabela.alves.barros@example.com', 'Rua Monteiro, 1541, Jaboatao dos Guararapes', '2018-01-03', '+00 123 1926286268', 270, '865.596.570-00', 'Isabela Alves Barros'),
('carla.silva.alves@example.com', 'Rua Ribeiro, 3558, Petrolina', '2015-12-12', '+00 123 1949407848', 271, '929.543.232-00', 'Carla Silva Alves'),
('gabriela.ribeiro.lima@example.com', 'Rua Lima, 988, Petrolina', '2016-09-26', '+00 123 1977834614', 272, '596.862.433-00', 'Gabriela Ribeiro Lima'),
('david.freitas.souza@example.com', 'Rua Rocha, 961', '2015-11-10', '+00 123 1974248189', 273, '783.617.137-00', 'David Freitas Souza'),
('larissa.mendes.lima@example.com', 'Rua Rodrigues, 474,  Carpina', '2008-04-01', '+00 123 1956196451', 274, '116.493.257-00', 'Larissa Mendes Lima'),
('vinicius.barbosa.barros@example.com', 'Rua Costa, 3595, Jaboatao dos Guararapes', '2009-05-03', '+00 123 1949662078', 275, '732.866.629-00', 'Vinicius Barbosa Barros'),
('fabio.ferreira.souza@example.com', 'Rua Martins, 2912,  Carpina', '2006-07-31', '+00 123 1913161214', 276, '227.781.637-00', 'Fabio Ferreira Souza'),
('tiago.martins.costa@example.com', 'Rua Santos, 8938,  Carpina', '2017-11-10', '+00 123 1984674431', 277, '489.593.734-00', 'Tiago Martins Costa'),
('bruno.costa.rodrigues@example.com', 'Rua Martins, 8860', '2018-08-27', '+00 123 1975152212', 278, '686.605.306-00', 'Bruno Costa Rodrigues'),
('larissa.gomes.souza@example.com', 'Rua Santos, 3871, Recife', '2010-10-11', '+00 123 1922354688', 279, '196.622.560-00', 'Larissa Gomes Souza'),
('gabriela.lima.barros@example.com', 'Rua Ribeiro, 7774,  Carpina', '2007-02-09', '+00 123 1920883869', 280, '944.886.441-00', 'Gabriela Lima Barros'),
('tiago.ribeiro.barros@example.com', 'Rua Almeida, 1156, Jaboatao dos Guararapes', '2019-05-14', '+00 123 1924491196', 281, '432.453.790-00', 'Tiago Ribeiro Barros'),
('paulo.freitas.barbosa@example.com', 'Rua Monteiro, 5898', '2007-10-03', '+00 123 1963791380', 282, '152.459.922-00', 'Paulo Freitas Barbosa'),
('hugo.silva.alves@example.com', 'Rua Lima, 937,  Carpina', '2012-05-20', '+00 123 1984337173', 283, '863.545.247-00', 'Hugo Silva Alves'),
('larissa.santos.oliveira@example.com', 'Rua Gomes, 678, Petrolina', '2020-03-02', '+00 123 1957154502', 284, '230.426.717-00', 'Larissa Santos Oliveira'),
('ursula.mendes.rocha@example.com', 'Rua Almeida, 7909, Recife', '2019-12-05', '+00 123 1931879062', 285, '814.646.747-00', 'Ursula Mendes Rocha'),
('ursula.almeida.santos@example.com', 'Rua Gomes, 3586, Jaboatao dos Guararapes', '2006-05-05', '+00 123 1922994350', 286, '773.921.918-00', 'Ursula Almeida Santos'),
('carla.rodrigues.ribeiro@example.com', 'Rua Ferreira, 5533, Jaboatao dos Guararapes', '2007-05-19', '+00 123 1911566022', 287, '419.243.347-00', 'Carla Rodrigues Ribeiro'),
('carla.souza.gomes@example.com', 'Rua Silva, 4664, Jaboatao dos Guararapes', '2013-12-13', '+00 123 1938746747', 288, '979.484.669-00', 'Carla Souza Gomes'),
('fabio.ferreira.santos@example.com', 'Rua Oliveira, 8861, Jaboatao dos Guararapes', '2006-07-11', '+00 123 1943541643', 289, '677.189.836-00', 'Fabio Ferreira Santos'),
('tiago.mendes.pinto@example.com', 'Rua Santos, 3225', '2008-07-06', '+00 123 1994719119', 290, '313.980.933-00', 'Tiago Mendes Pinto'),
('sofia.souza.monteiro@example.com', 'Rua Rodrigues, 1252, Petrolina', '2018-04-25', '+00 123 1962086235', 291, '453.330.617-00', 'Sofia Souza Monteiro'),
('ana.monteiro.mendes@example.com', 'Rua Santos, 5313, Petrolina', '2006-09-30', '+00 123 1967176367', 292, '472.895.398-00', 'Ana Monteiro Mendes'),
('paulo.monteiro.pinto@example.com', 'Rua Martins, 8379, Recife', '2011-10-21', '+00 123 1985472051', 293, '444.399.322-00', 'Paulo Monteiro Pinto'),
('carla.silva.martins@example.com', 'Rua Lima, 1773, Jaboatao dos Guararapes', '2011-01-27', '+00 123 1999190286', 294, '171.670.807-00', 'Carla Silva Martins'),
('larissa.rocha.costa@example.com', 'Rua Rocha, 5532,  Carpina', '2019-04-22', '+00 123 1978266599', 295, '900.298.551-00', 'Larissa Rocha Costa'),
('tiago.pinto.rocha@example.com', 'Rua Lima, 3227, Recife', '2016-02-13', '+00 123 1948168973', 296, '962.344.539-00', 'Tiago Pinto Rocha'),
('ursula.ribeiro.lima@example.com', 'Rua Ribeiro, 6824,  Carpina', '2016-10-28', '+00 123 1973508592', 297, '284.292.413-00', 'Ursula Ribeiro Lima'),
('olivia.oliveira.martins@example.com', 'Rua Rocha, 1575, Recife', '2010-10-08', '+00 123 1975091391', 298, '293.130.128-00', 'Olivia Oliveira Martins'),
('fabio.martins.souza@example.com', 'Rua Ribeiro, 7709, Recife', '2013-11-20', '+00 123 1963928182', 299, '420.677.228-00', 'Fabio Martins Souza'),
('bruno.rodrigues.monteiro@example.com', 'Rua Oliveira, 1960, Jaboatao dos Guararapes', '2015-09-04', '+00 123 1981175101', 300, '193.752.437-00', 'Bruno Rodrigues Monteiro'),
('fabio.alves.costa@example.com', 'Rua Gomes, 7416, Jaboatao dos Guararapes', '2013-07-07', '+00 123 1993229435', 301, '100.344.191-00', 'Fabio Alves Costa'),
('gabriela.oliveira.costa@example.com', 'Rua Ferreira, 373, Jaboatao dos Guararapes', '2017-05-01', '+00 123 1929390262', 302, '545.551.285-00', 'Gabriela Oliveira Costa'),
('ursula.rodrigues.costa@example.com', 'Rua Souza, 9563, Petrolina', '2007-05-26', '+00 123 1970845915', 303, '256.964.104-00', 'Ursula Rodrigues Costa'),
('vinicius.barbosa.santos@example.com', 'Rua Rodrigues, 9722, Jaboatao dos Guararapes', '2007-07-10', '+00 123 1979039241', 304, '935.218.953-00', 'Vinicius Barbosa Santos'),
('rafael.rocha.alves@example.com', 'Rua Rocha, 997, Recife', '2010-10-09', '+00 123 1992384119', 305, '212.148.908-00', 'Rafael Rocha Alves'),
('larissa.silva.costa@example.com', 'Rua Freitas, 2857, Jaboatao dos Guararapes', '2015-07-26', '+00 123 1997925349', 306, '938.361.548-00', 'Larissa Silva Costa'),
('larissa.silva.gomes@example.com', 'Rua Almeida, 3862', '2017-07-10', '+00 123 1939275244', 307, '123.831.991-00', 'Larissa Silva Gomes'),
('elena.souza.barros@example.com', 'Rua Lima, 5612, Recife', '2011-06-25', '+00 123 1911164952', 308, '120.786.943-00', 'Elena Souza Barros'),
('ana.gomes.ferreira@example.com', 'Rua Pinto, 1762, Petrolina', '2018-11-07', '+00 123 1932476322', 309, '536.838.241-00', 'Ana Gomes Ferreira'),
('ursula.rodrigues.oliveira@example.com', 'Rua Ribeiro, 2469, Recife', '2007-02-11', '+00 123 1978439543', 310, '575.600.340-00', 'Ursula Rodrigues Oliveira'),
('paulo.rocha.alves@example.com', 'Rua Martins, 3563', '2010-09-02', '+00 123 1983094608', 311, '950.941.898-00', 'Paulo Rocha Alves'),
('vinicius.barros.monteiro@example.com', 'Rua Martins, 1911, Jaboatao dos Guararapes', '2010-11-15', '+00 123 1988421915', 312, '749.680.322-00', 'Vinicius Barros Monteiro'),
('david.alves.oliveira@example.com', 'Rua Souza, 5563', '2012-01-01', '+00 123 1913449160', 313, '754.416.513-00', 'David Alves Oliveira'),
('rafael.souza.costa@example.com', 'Rua Oliveira, 7688, Jaboatao dos Guararapes', '2014-04-16', '+00 123 1947413596', 314, '561.931.258-00', 'Rafael Souza Costa'),
('bruno.souza.barros@example.com', 'Rua Silva, 6391, Recife', '2008-09-26', '+00 123 1966037014', 315, '959.236.706-00', 'Bruno Souza Barros'),
('bruno.rocha.pinto@example.com', 'Rua Barbosa, 7751, Recife', '2016-06-10', '+00 123 1995875043', 316, '924.481.635-00', 'Bruno Rocha Pinto'),
('bruno.martins.costa@example.com', 'Rua Barbosa, 6966, Recife', '2008-01-18', '+00 123 1962004957', 317, '935.925.100-00', 'Bruno Martins Costa'),
('vinicius.silva.barros@example.com', 'Rua Gomes, 7437, Petrolina', '2007-01-17', '+00 123 1949651872', 318, '288.811.490-00', 'Vinicius Silva Barros'),
('sofia.ribeiro.mendes@example.com', 'Rua Costa, 369,  Carpina', '2009-08-23', '+00 123 1922834362', 319, '905.805.326-00', 'Sofia Ribeiro Mendes'),
('bruno.mendes.monteiro@example.com', 'Rua Costa, 6876,  Carpina', '2006-09-04', '+00 123 1986799094', 320, '598.695.589-00', 'Bruno Mendes Monteiro'),
('elena.mendes.ribeiro@example.com', 'Rua Rocha, 4496,  Carpina', '2013-05-31', '+00 123 1912177847', 321, '750.195.389-00', 'Elena Mendes Ribeiro'),
('tiago.almeida.gomes@example.com', 'Rua Pinto, 9071', '2019-03-05', '+00 123 1929808027', 322, '398.350.780-00', 'Tiago Almeida Gomes'),
('paulo.souza.lima@example.com', 'Rua Ferreira, 9868, Petrolina', '2019-01-03', '+00 123 1924837753', 323, '553.807.265-00', 'Paulo Souza Lima'),
('elena.freitas.lima@example.com', 'Rua Silva, 5933, Petrolina', '2012-10-04', '+00 123 1931624850', 324, '580.365.591-00', 'Elena Freitas Lima'),
('natalia.martins.alves@example.com', 'Rua Silva, 1063, Recife', '2013-07-12', '+00 123 1942341698', 325, '800.390.565-00', 'Natalia Martins Alves'),
('carla.almeida.silva@example.com', 'Rua Ferreira, 3468', '2012-07-14', '+00 123 1987735116', 326, '375.608.186-00', 'Carla Almeida Silva'),
('hugo.oliveira.ribeiro@example.com', 'Rua Lima, 9723, Recife', '2012-01-23', '+00 123 1948089630', 327, '790.114.630-00', 'Hugo Oliveira Ribeiro'),
('ursula.rocha.ferreira@example.com', 'Rua Martins, 2992, Jaboatao dos Guararapes', '2011-11-07', '+00 123 1910306794', 328, '931.335.518-00', 'Ursula Rocha Ferreira'),
('tiago.almeida.mendes@example.com', 'Rua Monteiro, 1440,  Carpina', '2016-06-30', '+00 123 1923775297', 329, '112.932.900-00', 'Tiago Almeida Mendes'),
('carla.lima.santos@example.com', 'Rua Ferreira, 9882, Jaboatao dos Guararapes', '2012-02-02', '+00 123 1940674511', 330, '164.100.716-00', 'Carla Lima Santos'),
('ana.almeida.alves@example.com', 'Rua Alves, 3005, Recife', '2020-06-06', '+00 123 1928668942', 331, '391.752.704-00', 'Ana Almeida Alves'),
('sofia.alves.barbosa@example.com', 'Rua Barbosa, 8063, Jaboatao dos Guararapes', '2010-05-10', '+00 123 1930360211', 332, '547.688.683-00', 'Sofia Alves Barbosa'),
('bruno.ferreira.oliveira@example.com', 'Rua Freitas, 1356,  Carpina', '2016-02-17', '+00 123 1983604205', 333, '416.410.240-00', 'Bruno Ferreira Oliveira'),
('rafael.lima.oliveira@example.com', 'Rua Ferreira, 9276, Recife', '2015-11-14', '+00 123 1963871228', 334, '525.559.349-00', 'Rafael Lima Oliveira'),
('natalia.mendes.costa@example.com', 'Rua Souza, 4781,  Carpina', '2006-12-08', '+00 123 1998536944', 335, '170.454.885-00', 'Natalia Mendes Costa'),
('natalia.pinto.rodrigues@example.com', 'Rua Costa, 1743, Petrolina', '2018-01-21', '+00 123 1929769635', 336, '129.772.297-00', 'Natalia Pinto Rodrigues'),
('ana.souza.mendes@example.com', 'Rua Rocha, 6688,  Carpina', '2016-04-17', '+00 123 1914524408', 337, '406.167.693-00', 'Ana Souza Mendes'),
('fabio.monteiro.mendes@example.com', 'Rua Costa, 7265, Recife', '2014-08-21', '+00 123 1966712586', 338, '518.154.658-00', 'Fabio Monteiro Mendes'),
('elena.oliveira.rodrigues@example.com', 'Rua Gomes, 5769, Recife', '2019-10-02', '+00 123 1981320223', 339, '672.472.347-00', 'Elena Oliveira Rodrigues'),
('bruno.alves.costa@example.com', 'Rua Martins, 6931', '2013-09-23', '+00 123 1941662367', 340, '682.169.670-00', 'Bruno Alves Costa'),
('isabela.mendes.rocha@example.com', 'Rua Oliveira, 1987,  Carpina', '2016-02-03', '+00 123 1987049542', 341, '747.851.915-00', 'Isabela Mendes Rocha'),
('mario.rocha.mendes@example.com', 'Rua Pinto, 6139, Recife', '2011-01-20', '+00 123 1983440371', 342, '255.773.134-00', 'Mario Rocha Mendes'),
('bruno.mendes.lima@example.com', 'Rua Pinto, 4066, Petrolina', '2018-06-30', '+00 123 1996491535', 343, '680.502.468-00', 'Bruno Mendes Lima'),
('elena.martins.oliveira@example.com', 'Rua Silva, 6189, Jaboatao dos Guararapes', '2014-08-04', '+00 123 1933952814', 344, '120.725.398-00', 'Elena Martins Oliveira'),
('olivia.almeida.silva@example.com', 'Rua Lima, 5131,  Carpina', '2014-06-29', '+00 123 1924243791', 345, '378.914.483-00', 'Olivia Almeida Silva'),
('bruno.santos.martins@example.com', 'Rua Rodrigues, 6404, Jaboatao dos Guararapes', '2011-06-15', '+00 123 1938969031', 346, '891.234.240-00', 'Bruno Santos Martins'),
('paulo.freitas.santos@example.com', 'Rua Costa, 6869, Recife', '2012-07-28', '+00 123 1953171963', 347, '703.368.740-00', 'Paulo Freitas Santos'),
('david.mendes.ribeiro@example.com', 'Rua Ribeiro, 5797, Jaboatao dos Guararapes', '2018-02-12', '+00 123 1965691323', 348, '905.659.737-00', 'David Mendes Ribeiro'),
('olivia.mendes.silva@example.com', 'Rua Barros, 7357, Jaboatao dos Guararapes', '2008-02-18', '+00 123 1943932180', 349, '309.916.898-00', 'Olivia Mendes Silva'),
('sofia.alves.silva@example.com', 'Rua Almeida, 985, Jaboatao dos Guararapes', '1985-12-12', '+00 123 1981840276', 350, '259.723.698-00', 'Sofia Alves Silva'),
('hugo.ribeiro.martins@example.com', 'Rua Martins, 9733, Petrolina','1969-02-17', '+00 123 1995498257', 351, '585.323.405-00', 'Hugo Ribeiro Martins'),
('elena.pinto.costa@example.com', 'Rua Barbosa, 5855, Recife', '1995-04-14', '+00 123 1958756789', 352, '616.288.866-00', 'Elena Pinto Costa'),
('gabriela.freitas.alves@example.com', 'Rua Souza, 2403, Recife', '2000-03-17', '+00 123 1954448130', 353, '284.119.278-00', 'Gabriela Freitas Alves'),
('joão.oliveira.santos@example.com', 'Rua Barbosa, 1830, Jaboatao dos Guararapes', '1989-02-15', '+00 123 1973332409', 354, '698.498.282-00', 'João Oliveira Santos'),
('joão.costa.oliveira@example.com', 'Rua Santos, 6369, Jaboatao dos Guararapes', '1985-08-16', '+00 123 1930935072', 355, '426.843.734-00', 'João Costa Oliveira'),
('tiago.freitas.rodrigues@example.com', 'Rua Barbosa, 9489,  Carpina','1953-11-05', '+00 123 1919498062', 356, '544.510.336-00', 'Tiago Freitas Rodrigues'),
('rafael.barros.freitas@example.com', 'Rua Rocha, 6068, Recife', '1994-04-10', '+00 123 1991024914', 357, '497.756.437-00', 'Rafael Barros Freitas'),
('gabriela.pinto.santos@example.com', 'Rua Lima, 369, Jaboatao dos Guararapes', '1989-04-25', '+00 123 1911797355', 358, '110.378.264-00', 'Gabriela Pinto Santos'),
('joão.silva.martins@example.com', 'Rua Martins, 4771', '1972-11-27', '+00 123 1983904855', 359, '753.948.816-00', 'João Silva Martins'),
('gabriela.barros.monteiro@example.com', 'Rua Silva, 7688, Jaboatao dos Guararapes', '1983-12-01', '+00 123 1933674591', 360, '227.109.511-00', 'Gabriela Barros Monteiro'),
('ana.ribeiro.lima@example.com', 'Rua Silva, 254, Petrolina','1969-03-18', '+00 123 1922696726', 361, '458.547.705-00', 'Ana Ribeiro Lima'),
('joão.souza.barros@example.com', 'Rua Pinto, 3523,  Carpina','1954-02-01', '+00 123 1916977857', 362, '995.161.161-00', 'João Souza Barros'),
('gabriela.gomes.almeida@example.com', 'Rua Oliveira, 1247', '1971-01-01', '+00 123 1929203568', 363, '859.608.294-00', 'Gabriela Gomes Almeida'),
('david.santos.souza@example.com', 'Rua Mendes, 8771, Petrolina','1968-10-07', '+00 123 1936559243', 364, '992.763.276-00', 'David Santos Souza'),
('olivia.ferreira.mendes@example.com', 'Rua Rodrigues, 4538', '1972-05-06', '+00 123 1993332694', 365, '421.949.376-00', 'Olivia Ferreira Mendes'),
('mário.mendes.ribeiro@example.com', 'Rua Mendes, 3840, Jaboatao dos Guararapes', '1989-02-12', '+00 123 1985744298', 366, '834.338.554-00', 'Mário Mendes Ribeiro'),
('david.souza.mendes@example.com', 'Rua Oliveira, 2794, Jaboatao dos Guararapes', '1984-03-05', '+00 123 1985954715', 367, '639.330.750-00', 'David Souza Mendes'),
('larissa.ribeiro.silva@example.com', 'Rua Ribeiro, 2646, Jaboatao dos Guararapes', '1984-12-26', '+00 123 1944639365', 368, '859.645.155-00', 'Larissa Ribeiro Silva'),
('bruno.lima.costa@example.com', 'Rua Mendes, 7741, Jaboatao dos Guararapes', '1989-05-17', '+00 123 1947818415', 369, '367.566.385-00', 'Bruno Lima Costa'),
('fábio.freitas.pinto@example.com', 'Rua Martins, 2197, Petrolina','1965-05-02', '+00 123 1936157138', 370, '703.997.387-00', 'Fábio Freitas Pinto'),
('sofia.monteiro.barbosa@example.com', 'Rua Rocha, 8939, Recife', '1999-06-05', '+00 123 1921201382', 371, '769.616.543-00', 'Sofia Monteiro Barbosa'),
('joão.ribeiro.martins@example.com', 'Rua Barbosa, 1048, Jaboatao dos Guararapes', '1988-04-16', '+00 123 1954989881', 372, '967.833.778-00', 'João Ribeiro Martins'),
('bruno.barros.souza@example.com', 'Rua Costa, 8844, Jaboatao dos Guararapes', '1981-02-07', '+00 123 1983761253', 373, '711.459.854-00', 'Bruno Barros Souza'),
('david.lima.almeida@example.com', 'Rua Barros, 8500, Jaboatao dos Guararapes', '1980-01-28', '+00 123 1984208745', 374, '426.436.924-00', 'David Lima Almeida'),
('fábio.lima.ferreira@example.com', 'Rua Ribeiro, 5330, Petrolina','1960-04-23', '+00 123 1937818633', 375, '986.897.156-00', 'Fábio Lima Ferreira'),
('sofia.monteiro.almeida@example.com', 'Rua Monteiro, 253, Petrolina','1962-08-18', '+00 123 1986137817', 376, '272.839.952-00', 'Sofia Monteiro Almeida'),
('ana.rocha.oliveira@example.com', 'Rua Costa, 7535, Recife', '1993-09-25', '+00 123 1972629994', 377, '298.872.673-00', 'Ana Rocha Oliveira'),
('tiago.souza.lima@example.com', 'Rua Rodrigues, 9805, Recife', '1994-10-22', '+00 123 1984947727', 378, '335.178.800-00', 'Tiago Souza Lima'),
('joão.oliveira.lima@example.com', 'Rua Rodrigues, 216, Petrolina','1963-05-21', '+00 123 1949507129', 379, '778.266.589-00', 'João Oliveira Lima'),
('joão.alves.oliveira@example.com', 'Rua Lima, 9754, Jaboatao dos Guararapes', '1987-11-10', '+00 123 1955299697', 380, '531.620.448-00', 'João Alves Oliveira'),
('olivia.martins.souza@example.com', 'Rua Rodrigues, 4768, Recife', '1994-10-09', '+00 123 1928521724', 381, '645.960.636-00', 'Olivia Martins Souza'),
('ana.ferreira.costa@example.com', 'Rua Ferreira, 2180', '1978-08-18', '+00 123 1999524480', 382, '306.143.509-00', 'Ana Ferreira Costa'),
('vinicius.freitas.almeida@example.com', 'Rua Alves, 925, Petrolina','1968-05-26', '+00 123 1955566870', 383, '300.955.578-00', 'Vinicius Freitas Almeida'),
('paulo.freitas.barros@example.com', 'Rua Costa, 2348', '1977-10-26', '+00 123 1997451247', 384, '333.737.837-00', 'Paulo Freitas Barros'),
('tiago.barbosa.rocha@example.com', 'Rua Costa, 1277, Jaboatao dos Guararapes', '1984-02-01', '+00 123 1971596486', 385, '357.328.205-00', 'Tiago Barbosa Rocha'),
('vinicius.ferreira.barros@example.com', 'Rua Rodrigues, 7769, Petrolina','1963-12-18', '+00 123 1958365239', 386, '673.530.292-00', 'Vinicius Ferreira Barros'),
('joão.pinto.martins@example.com', 'Rua Barros, 1787,  Carpina','1959-01-20', '+00 123 1966422237', 387, '651.632.325-00', 'João Pinto Martins'),
('gabriela.freitas.pinto@example.com', 'Rua Gomes, 5906, Recife', '1997-07-18', '+00 123 1979187850', 388, '576.689.635-00', 'Gabriela Freitas Pinto'),
('gabriela.alves.barros@example.com', 'Rua Costa, 5160, Petrolina','1961-02-09', '+00 123 1981802506', 389, '973.471.341-00', 'Gabriela Alves Barros'),
('hugo.gomes.monteiro@example.com', 'Rua Barbosa, 132', '1971-06-11', '+00 123 1941793993', 390, '687.260.644-00', 'Hugo Gomes Monteiro'),
('isabela.freitas.silva@example.com', 'Rua Martins, 2663', '1973-02-23', '+00 123 1914214038', 391, '313.206.460-00', 'Isabela Freitas Silva'),
('sofia.silva.oliveira@example.com', 'Rua Pinto, 3122, Recife', '1992-01-04', '+00 123 1978436685', 392, '111.870.758-00', 'Sofia Silva Oliveira'),
('isabela.rodrigues.gomes@example.com', 'Rua Souza, 8086, Jaboatao dos Guararapes', '1981-05-27', '+00 123 1942129193', 393, '634.352.808-00', 'Isabela Rodrigues Gomes'),
('fábio.pinto.mendes@example.com', 'Rua Barbosa, 8668', '1978-11-11', '+00 123 1956974526', 394, '596.243.360-00', 'Fábio Pinto Mendes'),
('olivia.rocha.barros@example.com', 'Rua Pinto, 3342, Petrolina','1962-12-24', '+00 123 1953106779', 395, '850.839.299-00', 'Olivia Rocha Barros'),
('isabela.lima.martins@example.com', 'Rua Freitas, 4151, Jaboatao dos Guararapes', '1981-06-02', '+00 123 1957500621', 396, '758.341.772-00', 'Isabela Lima Martins'),
('ana.gomes.ferreira@example.com', 'Rua Pinto, 1762, Petrolina','1966-03-08', '+00 123 1932476322', 397, '536.838.241-00', 'Ana Gomes Ferreira'),
('rafael.souza.costa@example.com', 'Rua Oliveira, 7688, Olinda', '1983-06-27', '+00 123 1947413596', 398, '561.931.258-00', 'Rafael Souza Costa'),
('ana.ferreira.alves@example.com', 'Rua Pinto, 5435,  Carpina','1951-05-24', '+00 123 1975960266', 399, '719.855.148-00', 'Ana Ferreira Alves'),
('olivia.rocha.alves@example.com', 'Rua Santos, 7973, Recife', '1990-03-04', '+00 123 1955997922', 400, '583.210.312-00', 'Olivia Rocha Alves');

--Tabela cliente
INSERT INTO cliente (cliente_id, fk_pessoa_pessoa_id) VALUES
(1, 1), (2, 2), (3, 3), (4, 4), (5, 5), (6, 6), (7, 7), (8, 8), (9, 9), (10, 10),
(70, 70), (71, 71), (72, 72), (73, 73), (74, 74), (75, 75), (76, 76), (77, 77), (78, 78), 
(79, 79), (80, 80), (81, 81), (82, 82), (83, 83), (84, 84), (85, 85), (86, 86), (87, 87), 
(88, 88), (89, 89), (90, 90), (91, 91), (92, 92), (93, 93), (94, 94), (95, 95), (150, 150), 
(151, 151), (152, 152), (153, 153), (154, 154), (155, 155), (156, 156), (157, 157), (158, 158), 
(159, 159), (160, 160), (161, 161), (162, 162), (163, 163), (164, 164), (165, 165), (166, 166), 
(167, 167), (168, 168), (169, 169), (170, 170), (171, 171), (172, 172), (173, 173), (174, 174), 
(175, 175), (176, 176), (177, 177), (178, 178), (179, 179), (180, 180), (181, 181), (182, 182), 
(183, 183), (184, 184), (185, 185), (186, 186), (187, 187), (188, 188), (189, 189), (190, 190), 
(191, 191), (192, 192), (193, 193), (194, 194), (195, 195), (196, 196), (197, 197), (198, 198), 
(199, 199), (200, 200), (351, 351), (352, 352), (353, 353), (354, 354), (355, 355), (356, 356), 
(357, 357), (358, 358), (359, 359), (360, 360), (361, 361), (362, 362), (363, 363), (364, 364), 
(365, 365), (366, 366), (367, 367), (368, 368), (369, 369), (370, 370), (371, 371), (372, 372), 
(373, 373), (374, 374), (375, 375), (376, 376), (377, 377), (378, 378), (379, 379), (380, 380), 
(381, 381), (382, 382), (383, 383), (384, 384), (385, 385), (386, 386), (387, 387), (388, 388), 
(389, 389), (390, 390), (391, 391), (392, 392), (393, 393), (394, 394), (395, 395), (396, 396), 
(397, 397), (398, 398), (399, 399), (400, 400);

--Tabela produto
INSERT INTO produto (produto_id, nome, descricao, preco_unitario, quantidade, categoria, quantidade_minima) VALUES
(1, 'Caderno', 'Caderno universitario 100 folhas', 10.00, 200, 'Papelaria', 20),
(2, 'Caneta', 'Caneta esferografica azul', 1.50, 300, 'Papelaria', 40),
(3, 'Borracha', 'Borracha branca pequena', 1.00, 160, 'Papelaria', 30),
(4, 'Lapis', 'Lapis preto HB n2', 0.50, 300, 'Papelaria', 60),
(5, 'Regua', 'Regua plastica transparente 30cm', 2.00, 120, 'Papelaria', 20),
(6, 'Apontador', 'Apontador simples', 0.75, 80, 'Papelaria', 16),
(7, 'Marcador de Texto', 'Marcador de texto amarelo', 1.50, 140, 'Papelaria', 24),
(8, 'Pasta', 'Pasta plastica com elastico', 3.00, 60, 'Papelaria', 10),
(9, 'Cola', 'Cola branca liquida 90g', 2.50, 100, 'Papelaria', 20),
(10, 'Caderno Universitario', 'Caderno universitario 200 folhas', 15.00, 80, 'Papelaria', 20),
(11, 'Mochila', 'Mochila escolar grande', 22.00, 50, 'Papelaria', 10),
(12, 'Estojo', 'Estojo para lapis', 5.00, 50, 'Papelaria', 10),
(13, 'Tesoura', 'Tesoura escolar sem ponta', 3.50, 50, 'Papelaria', 10),
(14, 'Compasso', 'Compasso simples para desenho', 4.00, 50, 'Papelaria', 10),
(15, 'Tinta guache', 'Conjunto de tinta guache com seis cores', 6.00, 50, 'Papelaria', 10),
(16, 'Pincel', 'Pincel numero 8 para pintura', 2.00, 50, 'Papelaria', 10),
(17, 'Folhas coloridas', 'Pacote com 100 folhas coloridas para artesanato', 8.00, 50, 'Papelaria', 10),
(18, 'Envelope', 'Pacote com 50 envelopes brancos', 5.00, 50, 'Papelaria', 10),
(19, 'Elastico', 'Pacote com 100 elasticos', 2.00, 50, 'Papelaria', 10),
(20, 'Clips', 'Caixa com 100 clips para papel tamanho medio', 1.00, 50, 'Papelaria', 10);

--Tabela fornecedor
INSERT INTO fornecedor (fornecedor_id, endereco, nome_fantasia, telefone) VALUES
(1, 'Rua GHI, 300, Recife', 'Papelaria ABC', '1134567890'),
(2, 'Av. LMN, 400, Olinda', 'Papelaria XYZ', '2234567890'),
(3, 'Rua OPQ, 500, Jaboatão dos Guararapes', 'Papelaria RST', '3334567890'),
(4, 'Av. UVW, 600, Recife', 'Papelaria VWX', '4434567890'),
(5, 'Rua YZA, 700, Olinda', 'Papelaria ABCD', '5534567890'),
(6, 'Av. BCD, 800, Jaboatão dos Guararapes', 'Papelaria DEFG', '6634567890'),
(7, 'Rua EFG, 900, Recife', 'Papelaria GHIJ', '7734567890'),
(8, 'Av. JKL, 1000, Olinda', 'Papelaria KLMN', '8834567890'),
(9, 'Rua MNO, 1100, Jaboatão dos Guararapes', 'Papelaria NOPQ', '9934567890'),
(10, 'Av. PQR, 1200, Recife', 'Papelaria QRST', '1034567890');

--Tabela funcionario
INSERT INTO funcionario (funcionario_id, carga_horaria, valor_hora, turno, departamento, setor_departamento, fk_pessoa_pessoa_id) VALUES
(1, 40, 30.00, 'Diurno', 'Administração', 'Financeiro', 1),
(2, 30, 25.00, 'Diurno', 'Administração', 'Recursos Humanos', 2),
(3, 35, 28.00, 'Noturno', 'TI', 'Desenvolvimento', 3),
(4, 40, 30.00, 'Diurno', 'Vendas', 'Loja', 4),
(5, 40, 30.00, 'Noturno', 'TI', 'Suporte', 5),
(6, 45, 35.00, 'Diurno', 'Marketing', 'Publicidade', 6),
(7, 20, 45.00, 'Diurno', 'Consultoria', 'Estrategia', 7),
(8, 40, 30.00, 'Noturno', 'Operações', 'Logistica', 8),
(9, 40, 32.00, 'Diurno', 'Financeiro', 'Contabilidade', 9),
(10, 35, 28.00, 'Noturno', 'Juridico', 'Assessoria Legal', 10),
(11, 40, 30.00, 'Diurno', 'Administração', 'Financeiro', 11),
(12, 30, 25.00, 'Diurno', 'Administração', 'Recursos Humanos', 12),
(13, 35, 28.00, 'Noturno', 'TI', 'Desenvolvimento', 13),
(14, 40, 30.00, 'Diurno', 'Vendas', 'Loja', 14),
(15, 40, 30.00, 'Noturno', 'TI', 'Suporte', 15),
(16, 45, 35.00, 'Diurno', 'Marketing', 'Publicidade', 16),
(17, 20, 45.00, 'Diurno', 'Consultoria', 'Estrategia', 17),
(18, 40, 30.00, 'Noturno', 'Operações', 'Logistica', 18),
(19, 40, 32.00, 'Diurno', 'Financeiro', 'Contabilidade', 19),
(20, 35, 28.00, 'Noturno', 'Juridico', 'Assessoria Legal', 20),
(21, 40, 30.00, 'Diurno', 'Administração', 'Financeiro', 21),
(22, 30, 25.00, 'Diurno', 'Administração', 'Recursos Humanos', 22),
(23, 35, 28.00, 'Noturno', 'TI', 'Desenvolvimento', 23),
(24, 40, 30.00, 'Diurno', 'Vendas', 'Loja', 24),
(25, 40, 30.00, 'Noturno', 'TI', 'Suporte', 25),
(26, 45, 35.00, 'Diurno', 'Marketing', 'Publicidade', 26),
(27, 20, 45.00, 'Diurno', 'Consultoria', 'Estrategia', 27),
(28, 40, 30.00, 'Noturno', 'Operações', 'Logistica', 28),
(29, 40, 32.00, 'Diurno', 'Financeiro', 'Contabilidade', 29),
(30, 35, 28.00, 'Noturno', 'Juridico', 'Assessoria Legal', 30),
(31, 40, 30.00, 'Diurno', 'Administração', 'Financeiro', 31),
(32, 30, 25.00, 'Diurno', 'Administração', 'Recursos Humanos', 32),
(33, 35, 28.00, 'Noturno', 'TI', 'Desenvolvimento', 33),
(34, 40, 30.00, 'Diurno', 'Vendas', 'Loja', 34),
(35, 40, 30.00, 'Noturno', 'TI', 'Suporte', 35),
(36, 45, 35.00, 'Diurno', 'Marketing', 'Publicidade', 36),
(37, 20, 45.00, 'Diurno', 'Consultoria', 'Estrategia', 37),
(38, 40, 30.00, 'Noturno', 'Operações', 'Logistica', 38),
(39, 40, 32.00, 'Diurno', 'Financeiro', 'Contabilidade', 39),
(40, 35, 28.00, 'Noturno', 'Juridico', 'Assessoria Legal', 40),
(41, 40, 30.00, 'Diurno', 'Administração', 'Financeiro', 41),
(42, 30, 25.00, 'Diurno', 'Administração', 'Recursos Humanos', 42),
(43, 35, 28.00, 'Noturno', 'TI', 'Desenvolvimento', 43),
(44, 40, 30.00, 'Diurno', 'Vendas', 'Loja', 44),
(45, 40, 30.00, 'Noturno', 'Biblioteca', 'Suporte', 45),
(46, 45, 35.00, 'Diurno', 'Biblioteca', 'Publicidade', 46),
(47, 20, 45.00, 'Diurno', 'Biblioteca', 'Estratégia', 47),
(48, 40, 30.00, 'Noturno', 'Biblioteca', 'Logística', 48),
(49, 40, 32.00, 'Diurno', 'Biblioteca', 'Contabilidade', 49),
(50, 35, 28.00, 'Noturno', 'Biblioteca', 'Assessoria Legal', 50),
(51, 40, 30.00, 'Diurno', 'Biblioteca', 'Financeiro', 51),
(52, 30, 25.00, 'Diurno', 'Biblioteca', 'Recursos Humanos', 52),
(53, 35, 28.00, 'Noturno', 'Biblioteca', 'Desenvolvimento', 53),
(54, 40, 30.00, 'Diurno', 'Biblioteca', 'Loja', 54),
(55, 40, 30.00, 'Noturno', 'Biblioteca', 'Suporte', 55),
(56, 45, 35.00, 'Diurno', 'Biblioteca', 'Publicidade', 56),
(57, 20, 45.00, 'Diurno', 'Biblioteca', 'Estratégia', 57),
(58, 40, 30.00, 'Noturno', 'Biblioteca', 'Logística', 58),
(59, 40, 32.00, 'Diurno', 'Biblioteca', 'Contabilidade', 59),
(60, 35, 28.00, 'Noturno', 'Biblioteca', 'Assessoria Legal', 60);

--Tabela professor
INSERT INTO professor (professor_id, departamento_academico, titulacao, especialidade, fk_pessoa_pessoa_id) VALUES
(61, 'Matematica', 'Licenciatura', 'Matematica Basica', 61),
(62, 'Fisica', 'Licenciatura', 'Fisica Basica', 62),
(63, 'Quimica', 'Licenciatura', 'Quimica Basica', 63),
(64, 'Biologia', 'Licenciatura', 'Ciencias Naturais', 64),
(65, 'Historia', 'Licenciatura', 'Historia Geral', 65),
(66, 'Geografia', 'Licenciatura', 'Geografia Geral', 66),
(67, 'Portugues', 'Licenciatura', 'Gramatica e Redaçao', 67),
(68, 'Ingles', 'Licenciatura', 'Ingles como Segunda Lingua', 68),
(69, 'Artes', 'Licenciatura', 'Artes Visuais', 69),
(70, 'Educacao Fisica', 'Licenciatura', 'Educacao Fisica Geral', 70),
(71, 'Filosofia', 'Licenciatura', 'Filosofia e Pensamento Critico', 71),
(72, 'Sociologia', 'Licenciatura', 'Fundamentos da Sociologia', 72),
(73, 'Matematica', 'Licenciatura', 'Matematica Basica', 73),
(74, 'Matematica', 'Licenciatura', 'Algebra', 74),
(75, 'Informatica', 'Licenciatura', 'Tecnologia da Informacao', 75),
(76, 'Matematica', 'Licenciatura', 'Geometria', 76),
(77, 'Literatura', 'Licenciatura', 'Literatura Brasileira', 77),
(78, 'Ciencias', 'Licenciatura', 'Introdução as Ciencias', 78),
(79, 'Historia', 'Licenciatura', 'Historia Brasileira', 79),
(80, 'Fisica', 'Licenciatura', 'Fisica Basica', 80),
(81, 'Matematica', 'Licenciatura', 'Geometria', 81),
(82, 'Fisica', 'Licenciatura', 'Fisica Aplicada', 82),
(83, 'Quimica', 'Licenciatura', 'Quimica Organica', 83),
(84, 'Biologia', 'Licenciatura', 'Biologia Avançada', 84),
(85, 'Historia', 'Licenciatura', 'Historia Geral', 85),
(86, 'Geografia', 'Licenciatura', 'Geografia Fisica', 86),
(87, 'Portugues', 'Licenciatura', 'Literatura Portuguesa', 87),
(88, 'Ingles', 'Licenciatura', 'Literatura Inglesa', 88),
(89, 'Artes', 'Licenciatura', 'Historia da Arte', 89),
(90, 'Educacao Fisica', 'Licenciatura', 'Esportes', 90),
(91, 'Filosofia', 'Licenciatura', 'Logica', 91),
(92, 'Sociologia', 'Licenciatura', 'Sociologia Politica', 92),
(93, 'Psicologia', 'Licenciatura', 'Desenvolvimento Infantil', 93),
(94, 'Musica', 'Licenciatura', 'Teoria Musical', 94),
(95, 'Informatica', 'Licenciatura', 'Programação para Iniciantes', 95),
(96, 'Portugues', 'Licenciatura', 'Literatura Brasileira', 96),
(97, 'Literatura', 'Licenciatura', 'Analise Textual', 97),
(98, 'Ciencias', 'Licenciatura', 'Ciencias Ambientais', 98),
(99, 'Estudos Sociais', 'Licenciatura', 'Cidadania e Direitos', 99),
(100, 'Espanhol', 'Licenciatura', 'Espanhol como Segunda Lingua', 100);

--Tabela aluno
INSERT INTO aluno (aluno_id, matricula, email_institucional, ano_escolar, fk_pessoa_pessoa_id) VALUES
(100, '20230100', '20230100@educalivros.br', '2º Ano', 100),
(101, '20230101', '20230101@educalivros.br', '8º Ano', 101),
(102, '20230102', '20230102@educalivros.br', '5º Ano', 102),
(103, '20230103', '20230103@educalivros.br', '1º Ano', 103),
(104, '20230104', '20230104@educalivros.br', '4º Ano', 104),
(105, '20230105', '20230105@educalivros.br', '4º Ano', 105),
(106, '20230106', '20230106@educalivros.br', '3º Ano', 106),
(107, '20230107', '20230107@educalivros.br', '3º Ano', 107),
(108, '20230108', '20230108@educalivros.br', '9º Ano', 108),
(109, '20230109', '20230109@educalivros.br', '4º Ano', 109),
(110, '20230110', '20230110@educalivros.br', '2º Ano', 110),
(111, '20230111', '20230111@educalivros.br', '4º Ano', 111),
(112, '20230112', '20230112@educalivros.br', '1º Ano', 112),
(113, '20230113', '20230113@educalivros.br', '2º Ano', 113),
(114, '20230114', '20230114@educalivros.br', '8º Ano', 114),
(115, '20230115', '20230115@educalivros.br', '3º Ano', 115),
(116, '20230116', '20230116@educalivros.br', '3º Ano', 116),
(117, '20230117', '20230117@educalivros.br', '9º Ano', 117),
(118, '20230118', '20230118@educalivros.br', '6º Ano', 118),
(119, '20230119', '20230119@educalivros.br', '9º Ano', 119),
(120, '20230120', '20230120@educalivros.br', '3º Ano', 120),
(121, '20230121', '20230121@educalivros.br', '1º Ano', 121),
(122, '20230122', '20230122@educalivros.br', '9º Ano', 122),
(123, '20230123', '20230123@educalivros.br', '7º Ano', 123),
(124, '20230124', '20230124@educalivros.br', '9º Ano', 124),
(125, '20230125', '20230125@educalivros.br', '6º Ano', 125),
(126, '20230126', '20230126@educalivros.br', '2º Ano', 126),
(127, '20230127', '20230127@educalivros.br', '4º Ano', 127),
(128, '20230128', '20230128@educalivros.br', '5º Ano', 128),
(129, '20230129', '20230129@educalivros.br', '3º Ano', 129),
(130, '20230130', '20230130@educalivros.br', '3º Ano', 130),
(131, '20230131', '20230131@educalivros.br', '4º Ano', 131),
(132, '20230132', '20230132@educalivros.br', '4º Ano', 132),
(133, '20230133', '20230133@educalivros.br', '6º Ano', 133),
(134, '20230134', '20230134@educalivros.br', '6º Ano', 134),
(135, '20230135', '20230135@educalivros.br', '6º Ano', 135),
(136, '20230136', '20230136@educalivros.br', '6º Ano', 136),
(137, '20230137', '20230137@educalivros.br', '8º Ano', 137),
(138, '20230138', '20230138@educalivros.br', '6º Ano', 138),
(139, '20230139', '20230139@educalivros.br', '2º Ano', 139),
(140, '20230140', '20230140@educalivros.br', '4º Ano', 140),
(141, '20230141', '20230141@educalivros.br', '6º Ano', 141),
(142, '20230142', '20230142@educalivros.br', '7º Ano', 142),
(143, '20230143', '20230143@educalivros.br', '3º Ano', 143),
(144, '20230144', '20230144@educalivros.br', '7º Ano', 144),
(145, '20230145', '20230145@educalivros.br', '7º Ano', 145),
(146, '20230146', '20230146@educalivros.br', '2º Ano', 146),
(147, '20230147', '20230147@educalivros.br', '2º Ano', 147),
(148, '20230148', '20230148@educalivros.br', '4º Ano', 148),
(149, '20230149', '20230149@educalivros.br', '4º Ano', 149),
(150, '20230150', '20230150@educalivros.br', '4º Ano', 150),
(151, '20230151', '20230151@educalivros.br', '6º Ano', 151),
(152, '20230152', '20230152@educalivros.br', '2º Ano', 152),
(153, '20230153', '20230153@educalivros.br', '3º Ano', 153),
(154, '20230154', '20230154@educalivros.br', '5º Ano', 154),
(155, '20230155', '20230155@educalivros.br', '1º Ano', 155),
(156, '20230156', '20230156@educalivros.br', '2º Ano', 156),
(157, '20230157', '20230157@educalivros.br', '3º Ano', 157),
(158, '20230158', '20230158@educalivros.br', '4º Ano', 158),
(159, '20230159', '20230159@educalivros.br', '8º Ano', 159),
(160, '20230160', '20230160@educalivros.br', '6º Ano', 160),
(161, '20230161', '20230161@educalivros.br', '5º Ano', 161),
(162, '20230162', '20230162@educalivros.br', '6º Ano', 162),
(163, '20230163', '20230163@educalivros.br', '5º Ano', 163),
(164, '20230164', '20230164@educalivros.br', '1º Ano', 164),
(165, '20230165', '20230165@educalivros.br', '4º Ano', 165),
(166, '20230166', '20230166@educalivros.br', '4º Ano', 166),
(167, '20230167', '20230167@educalivros.br', '6º Ano', 167),
(168, '20230168', '20230168@educalivros.br', '5º Ano', 168),
(169, '20230169', '20230169@educalivros.br', '3º Ano', 169),
(170, '20230170', '20230170@educalivros.br', '3º Ano', 170),
(171, '20230171', '20230171@educalivros.br', '1º Ano', 171),
(172, '20230172', '20230172@educalivros.br', '8º Ano', 172),
(173, '20230173', '20230173@educalivros.br', '5º Ano', 173),
(174, '20230174', '20230174@educalivros.br', '6º Ano', 174),
(175, '20230175', '20230175@educalivros.br', '6º Ano', 175),
(176, '20230176', '20230176@educalivros.br', '9º Ano', 176),
(177, '20230177', '20230177@educalivros.br', '8º Ano', 177),
(178, '20230178', '20230178@educalivros.br', '2º Ano', 178),
(179, '20230179', '20230179@educalivros.br', '1º Ano', 179),
(180, '20230180', '20230180@educalivros.br', '8º Ano', 180),
(181, '20230181', '20230181@educalivros.br', '4º Ano', 181),
(182, '20230182', '20230182@educalivros.br', '2º Ano', 182),
(183, '20230183', '20230183@educalivros.br', '5º Ano', 183),
(184, '20230184', '20230184@educalivros.br', '8º Ano', 184),
(185, '20230185', '20230185@educalivros.br', '1º Ano', 185),
(186, '20230186', '20230186@educalivros.br', '9º Ano', 186),
(187, '20230187', '20230187@educalivros.br', '3º Ano', 187),
(188, '20230188', '20230188@educalivros.br', '2º Ano', 188),
(189, '20230189', '20230189@educalivros.br', '6º Ano', 189),
(190, '20230190', '20230190@educalivros.br', '6º Ano', 190),
(191, '20230191', '20230191@educalivros.br', '2º Ano', 191),
(192, '20230192', '20230192@educalivros.br', '3º Ano', 192),
(193, '20230193', '20230193@educalivros.br', '6º Ano', 193),
(194, '20230194', '20230194@educalivros.br', '8º Ano', 194),
(195, '20230195', '20230195@educalivros.br', '7º Ano', 195),
(196, '20230196', '20230196@educalivros.br', '6º Ano', 196),
(197, '20230197', '20230197@educalivros.br', '7º Ano', 197),
(198, '20230198', '20230198@educalivros.br', '5º Ano', 198),
(199, '20230199', '20230199@educalivros.br', '5º Ano', 199),
(200, '20230200', '20230200@educalivros.br', '8º Ano', 200),
(201, '20230201', '20230201@educalivros.br', '8º Ano', 201),
(202, '20230202', '20230202@educalivros.br', '1º Ano', 202),
(203, '20230203', '20230203@educalivros.br', '1º Ano', 203),
(204, '20230204', '20230204@educalivros.br', '4º Ano', 204),
(205, '20230205', '20230205@educalivros.br', '8º Ano', 205),
(206, '20230206', '20230206@educalivros.br', '4º Ano', 206),
(207, '20230207', '20230207@educalivros.br', '6º Ano', 207),
(208, '20230208', '20230208@educalivros.br', '1º Ano', 208),
(209, '20230209', '20230209@educalivros.br', '7º Ano', 209),
(210, '20230210', '20230210@educalivros.br', '3º Ano', 210),
(211, '20230211', '20230211@educalivros.br', '7º Ano', 211),
(212, '20230212', '20230212@educalivros.br', '4º Ano', 212),
(213, '20230213', '20230213@educalivros.br', '9º Ano', 213),
(214, '20230214', '20230214@educalivros.br', '2º Ano', 214),
(215, '20230215', '20230215@educalivros.br', '6º Ano', 215),
(216, '20230216', '20230216@educalivros.br', '1º Ano', 216),
(217, '20230217', '20230217@educalivros.br', '3º Ano', 217),
(218, '20230218', '20230218@educalivros.br', '6º Ano', 218),
(219, '20230219', '20230219@educalivros.br', '3º Ano', 219),
(220, '20230220', '20230220@educalivros.br', '7º Ano', 220),
(221, '20230221', '20230221@educalivros.br', '9º Ano', 221),
(222, '20230222', '20230222@educalivros.br', '7º Ano', 222),
(223, '20230223', '20230223@educalivros.br', '6º Ano', 223),
(224, '20230224', '20230224@educalivros.br', '9º Ano', 224),
(225, '20230225', '20230225@educalivros.br', '6º Ano', 225),
(226, '20230226', '20230226@educalivros.br', '9º Ano', 226),
(227, '20230227', '20230227@educalivros.br', '4º Ano', 227),
(228, '20230228', '20230228@educalivros.br', '5º Ano', 228),
(229, '20230229', '20230229@educalivros.br', '7º Ano', 229),
(230, '20230230', '20230230@educalivros.br', '8º Ano', 230),
(231, '20230231', '20230231@educalivros.br', '2º Ano', 231),
(232, '20230232', '20230232@educalivros.br', '3º Ano', 232),
(233, '20230233', '20230233@educalivros.br', '4º Ano', 233),
(234, '20230234', '20230234@educalivros.br', '4º Ano', 234),
(235, '20230235', '20230235@educalivros.br', '1º Ano', 235),
(236, '20230236', '20230236@educalivros.br', '5º Ano', 236),
(237, '20230237', '20230237@educalivros.br', '4º Ano', 237),
(238, '20230238', '20230238@educalivros.br', '1º Ano', 238),
(239, '20230239', '20230239@educalivros.br', '2º Ano', 239),
(240, '20230240', '20230240@educalivros.br', '8º Ano', 240),
(241, '20230241', '20230241@educalivros.br', '1º Ano', 241),
(242, '20230242', '20230242@educalivros.br', '2º Ano', 242),
(243, '20230243', '20230243@educalivros.br', '8º Ano', 243),
(244, '20230244', '20230244@educalivros.br', '6º Ano', 244),
(245, '20230245', '20230245@educalivros.br', '6º Ano', 245),
(246, '20230246', '20230246@educalivros.br', '7º Ano', 246),
(247, '20230247', '20230247@educalivros.br', '8º Ano', 247),
(248, '20230248', '20230248@educalivros.br', '6º Ano', 248),
(249, '20230249', '20230249@educalivros.br', '2º Ano', 249),
(250, '20230250', '20230250@educalivros.br', '9º Ano', 250),
(251, '20230251', '20230251@educalivros.br', '9º Ano', 251),
(252, '20230252', '20230252@educalivros.br', '8º Ano', 252),
(253, '20230253', '20230253@educalivros.br', '9º Ano', 253),
(254, '20230254', '20230254@educalivros.br', '2º Ano', 254),
(255, '20230255', '20230255@educalivros.br', '9º Ano', 255),
(256, '20230256', '20230256@educalivros.br', '4º Ano', 256),
(257, '20230257', '20230257@educalivros.br', '6º Ano', 257),
(258, '20230258', '20230258@educalivros.br', '8º Ano', 258),
(259, '20230259', '20230259@educalivros.br', '5º Ano', 259),
(260, '20230260', '20230260@educalivros.br', '5º Ano', 260),
(261, '20230261', '20230261@educalivros.br', '4º Ano', 261),
(262, '20230262', '20230262@educalivros.br', '5º Ano', 262),
(263, '20230263', '20230263@educalivros.br', '4º Ano', 263),
(264, '20230264', '20230264@educalivros.br', '5º Ano', 264),
(265, '20230265', '20230265@educalivros.br', '9º Ano', 265),
(266, '20230266', '20230266@educalivros.br', '2º Ano', 266),
(267, '20230267', '20230267@educalivros.br', '6º Ano', 267),
(268, '20230268', '20230268@educalivros.br', '8º Ano', 268),
(269, '20230269', '20230269@educalivros.br', '9º Ano', 269),
(270, '20230270', '20230270@educalivros.br', '2º Ano', 270),
(271, '20230271', '20230271@educalivros.br', '6º Ano', 271),
(272, '20230272', '20230272@educalivros.br', '4º Ano', 272),
(273, '20230273', '20230273@educalivros.br', '6º Ano', 273),
(274, '20230274', '20230274@educalivros.br', '1º Ano', 274),
(275, '20230275', '20230275@educalivros.br', '7º Ano', 275),
(276, '20230276', '20230276@educalivros.br', '1º Ano', 276),
(277, '20230277', '20230277@educalivros.br', '7º Ano', 277),
(278, '20230278', '20230278@educalivros.br', '6º Ano', 278),
(279, '20230279', '20230279@educalivros.br', '5º Ano', 279),
(280, '20230280', '20230280@educalivros.br', '5º Ano', 280),
(281, '20230281', '20230281@educalivros.br', '8º Ano', 281),
(282, '20230282', '20230282@educalivros.br', '5º Ano', 282),
(283, '20230283', '20230283@educalivros.br', '3º Ano', 283),
(284, '20230284', '20230284@educalivros.br', '7º Ano', 284),
(285, '20230285', '20230285@educalivros.br', '6º Ano', 285),
(286, '20230286', '20230286@educalivros.br', '5º Ano', 286),
(287, '20230287', '20230287@educalivros.br', '2º Ano', 287),
(288, '20230288', '20230288@educalivros.br', '9º Ano', 288),
(289, '20230289', '20230289@educalivros.br', '6º Ano', 289),
(290, '20230290', '20230290@educalivros.br', '4º Ano', 290),
(291, '20230291', '20230291@educalivros.br', '9º Ano', 291),
(292, '20230292', '20230292@educalivros.br', '5º Ano', 292),
(293, '20230293', '20230293@educalivros.br', '8º Ano', 293),
(294, '20230294', '20230294@educalivros.br', '6º Ano', 294),
(295, '20230295', '20230295@educalivros.br', '3º Ano', 295),
(296, '20230296', '20230296@educalivros.br', '3º Ano', 296),
(297, '20230297', '20230297@educalivros.br', '2º Ano', 297),
(298, '20230298', '20230298@educalivros.br', '2º Ano', 298),
(299, '20230299', '20230299@educalivros.br', '2º Ano', 299),
(300, '20230300', '20230300@educalivros.br', '4º Ano', 300),
(301, '20230301', '20230301@educalivros.br', '3º Ano', 301),
(302, '20230302', '20230302@educalivros.br', '5º Ano', 302),
(303, '20230303', '20230303@educalivros.br', '8º Ano', 303),
(304, '20230304', '20230304@educalivros.br', '8º Ano', 304),
(305, '20230305', '20230305@educalivros.br', '5º Ano', 305),
(306, '20230306', '20230306@educalivros.br', '5º Ano', 306),
(307, '20230307', '20230307@educalivros.br', '3º Ano', 307),
(308, '20230308', '20230308@educalivros.br', '6º Ano', 308),
(309, '20230309', '20230309@educalivros.br', '5º Ano', 309),
(310, '20230310', '20230310@educalivros.br', '7º Ano', 310),
(311, '20230311', '20230311@educalivros.br', '9º Ano', 311),
(312, '20230312', '20230312@educalivros.br', '3º Ano', 312),
(313, '20230313', '20230313@educalivros.br', '7º Ano', 313),
(314, '20230314', '20230314@educalivros.br', '6º Ano', 314),
(315, '20230315', '20230315@educalivros.br', '7º Ano', 315),
(316, '20230316', '20230316@educalivros.br', '9º Ano', 316),
(317, '20230317', '20230317@educalivros.br', '5º Ano', 317),
(318, '20230318', '20230318@educalivros.br', '1º Ano', 318),
(319, '20230319', '20230319@educalivros.br', '5º Ano', 319),
(320, '20230320', '20230320@educalivros.br', '3º Ano', 320),
(321, '20230321', '20230321@educalivros.br', '6º Ano', 321),
(322, '20230322', '20230322@educalivros.br', '4º Ano', 322),
(323, '20230323', '20230323@educalivros.br', '4º Ano', 323),
(324, '20230324', '20230324@educalivros.br', '4º Ano', 324),
(325, '20230325', '20230325@educalivros.br', '6º Ano', 325),
(326, '20230326', '20230326@educalivros.br', '7º Ano', 326),
(327, '20230327', '20230327@educalivros.br', '6º Ano', 327),
(328, '20230328', '20230328@educalivros.br', '8º Ano', 328),
(329, '20230329', '20230329@educalivros.br', '4º Ano', 329),
(330, '20230330', '20230330@educalivros.br', '8º Ano', 330),
(331, '20230331', '20230331@educalivros.br', '6º Ano', 331),
(332, '20230332', '20230332@educalivros.br', '3º Ano', 332),
(333, '20230333', '20230333@educalivros.br', '6º Ano', 333),
(334, '20230334', '20230334@educalivros.br', '7º Ano', 334),
(335, '20230335', '20230335@educalivros.br', '5º Ano', 335),
(336, '20230336', '20230336@educalivros.br', '5º Ano', 336),
(337, '20230337', '20230337@educalivros.br', '7º Ano', 337),
(338, '20230338', '20230338@educalivros.br', '7º Ano', 338),
(339, '20230339', '20230339@educalivros.br', '8º Ano', 339),
(340, '20230340', '20230340@educalivros.br', '8º Ano', 340),
(341, '20230341', '20230341@educalivros.br', '4º Ano', 341),
(342, '20230342', '20230342@educalivros.br', '8º Ano', 342),
(343, '20230343', '20230343@educalivros.br', '1º Ano', 343),
(344, '20230344', '20230344@educalivros.br', '1º Ano', 344),
(345, '20230345', '20230345@educalivros.br', '5º Ano', 345),
(346, '20230346', '20230346@educalivros.br', '3º Ano', 346),
(347, '20230347', '20230347@educalivros.br', '1º Ano', 347),
(348, '20230348', '20230348@educalivros.br', '7º Ano', 348),
(349, '20230349', '20230349@educalivros.br', '4º Ano', 349),
(350, '20230350', '20230350@educalivros.br', '8º Ano', 350);

--Tabela pedido
INSERT INTO pedido (pedido_id, data_pedido, data_pagamento, metodo_pagamento, valor_total, endereco_entrega, codigo_rastreamento, status_pedido, status_pagamento, status_entrega, data_entrega, fk_cliente_cliente_id, fk_cliente_fk_pessoa_pessoa_id) VALUES
(1, '2024-03-01', '2024-03-02', 'Cartao de Credito', 105.00, 'Rua Exemplo 123, Olinda, PE', 'CT123456789BR', 'Processando', 'Pago', 'Em trânsito', '2024-03-05', 193, 193),
(2, '2024-03-02', '2024-03-03', 'PIX', 55.00, 'Avenida Exemplo 456, Jaboatao dos Guararapes, PE', 'CT987654321BR', 'Processando', 'Pago', 'Em trânsito', '2024-03-06', 200, 200),
(3, '2024-03-03', '2024-03-04', 'PIX', 70.00, 'Praça Exemplo 789, Carpina, PE', 'CT456789123BR', 'Processando', 'Pago', 'Em trânsito', '2024-03-07', 374, 374),
(4, '2024-03-04', '2024-03-05', 'PIX', 31.00, 'Travessa Exemplo 321, Recife, PE', 'CT654321987BR', 'Processando', 'Pago', 'Em trânsito', '2024-03-08', 400, 400),
(5, '2024-03-05', '2024-03-06', 'Cartao de Credito', 43.00, 'Largo Exemplo 210, Recife, PE', 'CT789123456BR', 'Processando', 'Pago', 'Em trânsito', '2024-03-09', 365, 365),
(6, '2024-03-06', '2024-03-07', 'Dinheiro', 92.50, 'Rua Nova 123, Recife, PE', 'CT321987654BR', 'Processando', 'Pago', 'Em trânsito', '2024-03-10', 376, 376),
(7, '2024-03-07', '2024-03-08', 'Debito', 63.00, 'Avenida Velha 456, Recife, PE', 'CT987654321BR', 'Processando', 'Pago', 'Em trânsito', '2024-03-11', 374, 374),
(8, '2024-03-08', '2024-03-09', 'PIX', 74.00, 'Praça Central 789, Recife, PE', 'CT123456789BR', 'Processando', 'Pago', 'Em trânsito', '2024-03-12', 383, 383),
(9, '2024-03-09', '2024-03-10', 'Cartao de Credito', 71.00, 'Travessa Leste 321, Caruaru, PE', 'CT456789123BR', 'Processando', 'Pago', 'Em trânsito', '2024-03-13', 392, 392),
(10, '2024-03-10', '2024-03-11', 'Dinheiro', 126.00, 'Largo Oeste 210, Recife, PE', 'CT654321987BR', 'Processando', 'Pago', 'Em trânsito', '2024-03-14', 10, 10),
(11, '2024-03-11', '2024-03-12', 'Cartao de Credito', 45.00, 'Rua Exemplo 234, Olinda, PE', 'CT112233445BR', 'Processando', 'Pago', 'Em trânsito', '2024-03-15', 171, 171),
(12, '2024-03-12', '2024-03-13', 'PIX', 30.00, 'Avenida Exemplo 567, Jaboatao dos Guararapes, PE', 'CT223344556BR', 'Processando', 'Pago', 'Em trânsito', '2024-03-16', 151, 151),
(13, '2024-03-13', '2024-03-14', 'Debito', 50.00, 'Praça Exemplo 891, Carpina, PE', 'CT334455667BR', 'Processando', 'Pago', 'Em trânsito', '2024-03-17', 151, 151),
(14, '2024-03-14', '2024-03-15', 'PIX', 50.00, 'Travessa Exemplo 432, Recife, PE', 'CT445566778BR', 'Processando', 'Pago', 'Em trânsito', '2024-03-18', 184, 184),
(15, '2024-03-15', '2024-03-16', 'Cartao de Credito', 62.50, 'Largo Exemplo 321, Recife, PE', 'CT556677889BR', 'Processando', 'Pago', 'Em trânsito', '2024-03-19', 185, 185),
(16, '2024-03-16', '2024-03-17', 'Dinheiro', 40.00, 'Rua Nova 456, Recife, PE', 'CT667788990BR', 'Processando', 'Pago', 'Em trânsito', '2024-03-20', 184, 184),
(17, '2024-03-17', '2024-03-18', 'Debito', 40.00, 'Avenida Velha 789, Recife, PE', 'CT778899001BR', 'Processando', 'Pago', 'Em trânsito', '2024-03-21', 398, 398),
(18, '2024-03-18', '2024-03-19', 'PIX', 52.00, 'Praça Central 012, Recife, PE', 'CT889900112BR', 'Processando', 'Pago', 'Em trânsito', '2024-03-22', 191, 191),
(19, '2024-03-19', '2024-03-20', 'Cartao de Credito', 49.00, 'Travessa Leste 543, Caruaru, PE', 'CT990011223BR', 'Processando', 'Pago', 'Em trânsito', '2024-03-23', 377, 377),
(20, '2024-03-20', '2024-03-21', 'Dinheiro', 95.00, 'Largo Oeste 432, Recife, PE', 'CT001122334BR', 'Processando', 'Pago', 'Em trânsito', '2024-03-24', 89, 89),
(21, '2024-03-21', '2024-03-22', 'PIX', 42.50, 'Rua Exemplo 235, Recife, PE', 'CT223344556BR', 'Processando', 'Pago', 'Em trânsito', '2024-03-25', 377, 377),
(22, '2024-03-22', '2024-03-23', 'Debito', 25.00, 'Avenida Exemplo 568, Recife, PE', 'CT334455667BR', 'Processando', 'Pago', 'Em trânsito', '2024-03-26', 357, 357),
(23, '2024-03-23', '2024-03-24', 'Cartao de Credito', 45.00, 'Praça Exemplo 892, Caruaru, PE', 'CT445566778BR', 'Processando', 'Pago', 'Em trânsito', '2024-03-27', 178, 178),
(24, '2024-03-24', '2024-03-25', 'PIX', 47.50, 'Travessa Exemplo 433, Recife, PE', 'CT556677889BR', 'Processando', 'Pago', 'Em trânsito', '2024-03-28', 164, 164),
(25, '2024-03-25', '2024-03-26', 'Debito', 42.50, 'Largo Exemplo 322, Jaboatao dos Guararapes, PE', 'CT667788990BR', 'Processando', 'Pago', 'Em trânsito', '2024-03-29', 377, 377),
(26, '2024-03-26', '2024-03-27', 'Dinheiro', 21.00, 'Rua Nova 457, Recife, PE', 'CT778899001BR', 'Processando', 'Pago', 'Em trânsito', '2024-03-30',  5, 5),
(27, '2024-03-27', '2024-03-28', 'Cartao de Credito', 37.00, 'Avenida Velha 790, Olinda, PE', 'CT889900112BR', 'Processando', 'Pago', 'Em trânsito', '2024-03-31', 1, 1),
(28, '2024-03-28', '2024-03-29', 'PIX', 26.50, 'Praça Central 013, Olinda, PE', 'CT990011223BR', 'Processando', 'Pago', 'Em trânsito', '2024-04-01', 3, 3),
(29, '2024-03-29', '2024-03-30', 'Debito', 32.00, 'Travessa Leste 544, Recife, PE', 'CT001122334BR', 'Processando', 'Pago', 'Em trânsito', '2024-04-02', 1, 1),
(30, '2024-03-30', '2024-03-31', 'Dinheiro', 50.00, 'Largo Oeste 433, Carpina, PE', 'CT112233445BR', 'Processando', 'Pago', 'Em trânsito', '2024-04-03', 394, 394),
(31, '2024-03-31', '2024-04-01', 'Cartao de Credito', 31.50, 'Rua Exemplo 123, Olinda, PE', 'CT123456789BR', 'Processando', 'Pago', 'Em trânsito', '2024-04-04', 397, 397), 
(32, '2024-04-01', '2024-04-02', 'PIX', 8.00, 'Avenida Exemplo 456, Jaboatao dos Guararapes, PE', 'CT987654321BR', 'Processando', 'Pago', 'Em trânsito', '2024-04-05', 397, 397),
(33, '2024-04-02', '2024-04-03', 'PIX', 47, 'Praça Exemplo 789, Carpina, PE', 'CT456789123BR', 'Processando', 'Pago', 'Em trânsito', '2024-04-06', 90, 90),
(34, '2024-04-03', '2024-04-04', 'Debito', 34.50, 'Travessa Exemplo 321, Recife, PE', 'CT654321987BR', 'Processando', 'Pago', 'Em trânsito', '2024-04-07', 91, 91),
(35, '2024-04-04', '2024-04-05', 'PIX', 25.00, 'Largo Exemplo 210, Recife, PE', 'CT789123456BR', 'Processando', 'Pago', 'Em trânsito', '2024-04-08', 84, 84),
(36, '2024-04-05', '2024-04-06', 'PIX', 48.50, 'Rua Nova 123, Recife, PE', 'CT321987654BR', 'Processando', 'Pago', 'Em trânsito', '2024-04-09', 160, 160),
(37, '2024-04-06', '2024-04-07', 'Dinheiro', 19.50, 'Avenida Velha 456, Recife, PE', 'CT987654321BR', 'Processando', 'Pago', 'Em trânsito', '2024-04-10', 10, 10),
(38, '2024-04-07', '2024-04-08', 'Cartao de Credito', 30.00, 'Praça Central 789, Recife, PE', 'CT123456789BR', 'Processando', 'Pago', 'Em trânsito', '2024-04-11', 79, 79),
(39, '2024-04-08', '2024-04-09', 'Dinheiro', 100, 'Travessa Leste 321, Caruaru, PE', 'CT456789123BR', 'Processando', 'Pago', 'Em trânsito', '2024-04-12', 88, 88),
(40, '2024-04-09', '2024-04-10', 'PIX', 25.50, 'Largo Oeste 210, Recife, PE', 'CT654321987BR', 'Processando', 'Pago', 'Em trânsito', '2024-04-13', 196, 196),
(41, '2024-04-10', '2024-04-11', 'Debito', 26.50, 'Rua Exemplo 234, Olinda, PE', 'CT112233445BR', 'Processando', 'Pago', 'Em trânsito', '2024-04-14', 184, 184),
(42, '2024-04-11', '2024-04-12', 'Debito', 56, 'Avenida Exemplo 567, Recife, PE', 'CT223344556BR', 'Processando', 'Pago', 'Em trânsito', '2024-04-15', 1, 1),
(43, '2024-04-12', '2024-04-13', 'Cartao de Credito', 28.5, 'Praça Exemplo 891, Carpina, PE', 'CT334455667BR', 'Processando', 'Pago', 'Em trânsito', '2024-04-16', 192, 192),
(44, '2024-04-01', '2024-04-02', 'Debito', 34.00, 'Rua Nova 457, Recife, PE', 'CT334455667BR', 'Processando', 'Pago', 'Em trânsito', '2024-04-05', 353, 353),
(45, '2024-04-02', '2024-04-03', 'PIX', 15.00, 'Largo Exemplo 321, Recife, PE', 'CT445566778BR', 'Processando', 'Pago', 'Em trânsito', '2024-04-06', 3, 3),
(46, '2024-04-03', '2024-04-04', 'Cartao de Credito', 109.50, 'Travessa Leste 543, Jaboatao dos Guararapes, PE', 'CT556677889BR', 'Processando', 'Pago', 'Em trânsito', '2024-04-07', 3, 3),
(47, '2024-04-04', '2024-04-05', 'PIX', 8.00, 'Travessa Exemplo 432, Recife, PE', 'CT667788990BR', 'Processando', 'Pago', 'Em trânsito', '2024-04-08', 2, 2),
(48, '2024-04-05', '2024-04-06', 'Cartao de Credito', 18.00, 'Praça Central 012, Recife, PE', 'CT778899001BR', 'Processando', 'Pago', 'Em trânsito', '2024-04-09', 6, 6),
(49, '2024-04-06', '2024-04-07', 'Debito', 60.50, 'Travessa Leste 321, Olinda, PE', 'CT889900112BR', 'Processando', 'Pago', 'Em trânsito', '2024-04-10', 369, 369),
(50, '2024-04-07', '2024-04-08', 'PIX', 53.00, 'Largo Oeste 210, Carpina, PE', 'CT990011223BR', 'Processando', 'Pago', 'Em trânsito', '2024-04-11', 377, 377);
 
--Tabela editora
INSERT INTO editora (editora_id, nome, endereco, email, telefone) VALUES
(1, 'Editora Alfa', 'Rua Alfa, 100, Recife', 'contato@example.com', '1112345678'),
(2, 'Editora Beta', 'Av. Beta, 200, Jaboatao dos Guararapes', 'contato@example.com', '2223456789'),
(3, 'Editora Gamma', 'Rua Gamma, 300, Recife', 'contato@example.com', '3334567890'),
(4, 'Editora Delta', 'Av. Delta, 400, Jaboatao dos Guararapes', 'contato@example.com', '4445678901'),
(5, 'Editora Epsilon', 'Rua Epsilon, 500, Olinda', 'contato@example.com', '5556789012'),
(6, 'Editora Zeta', 'Av. Zeta, 600, Olinda', 'contato@example.com', '6667890123'),
(7, 'Editora Eta', 'Rua Eta, 700, Jaboatao dos Guararapes', 'contato@example.com', '7778901234'),
(8, 'Editora Theta', 'Av. Theta, 800, Carpina', 'contato@example.com', '8889012345'),
(9, 'Editora Iota', 'Rua Iota, 900, Recife', 'contato@example.com', '9990123456'),
(10, 'Editora Kappa', 'Av. Kappa, 1000, Recife', 'contato@example.com', '1012345678');

-- Tabela biblioteca
INSERT INTO biblioteca (biblioteca_id, nome, endereco) VALUES
(1, 'Biblioteca Central', 'Rua Epiteto, 59, Recife'),
(2, 'Biblioteca Campos', 'Rua Seneca, 480, Olinda'),
(3, 'Biblioteca Nacional', 'Rua Imperador Aurelio, 332, Joboatao dos Guararapes');


INSERT INTO livro (livro_id, genero, titulo, setor, disponivel, fk_editora_editora_id, fk_biblioteca_biblioteca_id) VALUES
(1, 'Poesia', 'O Enigma 5005', 'A', true, 5, 1),
(2, 'Historia', 'Perdido Império', 'A', true, 8, 1),
(3, 'Ficcao', 'Silencioso Espaço', 'A', true, 10, 2),
(4, 'Historia', 'Velho Império', 'A', true, 2, 2),
(5, 'Poesia', 'Decompondo Numeros Poeticos', 'A', true, 6, 1),
(6, 'Poesia', 'Pessoas Sao A Chave De Tudo', 'A', true, 3, 2),
(7, 'Ciencia', 'Escuro Evolução', 'A', true, 9, 3),
(8, 'Poesia', 'Misterioso Versos', 'A', true, 4, 3),
(9, 'Ficcao', 'Velho Espaço', 'A', true, 10, 2),
(10, 'Poesia', 'Velho Rimas', 'A', true, 6, 3),
(11, 'Ficcao', 'Velho Espaço', 'A', true, 9, 2),
(12, 'Poesia', 'Silencioso Alma', 'A', true, 7, 3),
(13, 'Poesia', 'Silencioso Sonhos', 'A', true, 3, 1),
(14, 'Ficcao', 'Velho Universo', 'A', true, 5, 1),
(15, 'Poesia', 'Velho Coração', 'A', true, 9, 2),
(16, 'Historia', 'Silencioso Rei', 'A', true, 4, 1),
(17, 'Ficcao', 'Velho Planeta', 'A', true, 3, 3),
(18, 'Poesia', 'Velho Alma', 'A', true, 4, 2),
(19, 'Ficcao', 'Escuro Planeta', 'A', true, 1, 3),
(20, 'Poesia', 'Silencioso Sonhos', 'A', true, 6, 1),
(21, 'Historia', 'Silencioso Revolução', 'A', true, 4, 2),
(22, 'Ciencia', 'Velho Teoria', 'A', true, 10, 1),
(23, 'Ficcao', 'Perdido Futuro', 'A', true, 9, 2),
(24, 'Historia', 'Escuro Descoberta', 'A', true, 6, 2),
(25, 'Ciencia', 'Silencioso Experimento', 'A', true, 4, 2),
(26, 'Poesia', 'Silencioso Coração', 'A', true, 5, 3),
(27, 'Ciencia', 'Velho Experimento', 'A', true, 8, 1),
(28, 'Poesia', 'Misterioso Coração', 'A', true, 7, 2),
(29, 'Biografia', 'Perdido Segredos', 'A', true, 10, 2),
(30, 'Ciencia', 'Perdido Teoria', 'A', true, 6, 2),
(31, 'Ficcao', 'Perdido Espaço', 'B', true, 10, 2),
(32, 'Biografia', 'Misterioso Memórias', 'B', true, 5, 3),
(33, 'Poesia', 'Perdido Rimas', 'B', true, 8, 3),
(34, 'Ciencia', 'Escuro Teoria', 'B', true, 4, 2),
(35, 'Historia', 'Escuro Império', 'B', true, 7, 3),
(36, 'Biografia', 'Silencioso Jornada', 'B', true, 1, 2),
(37, 'Ciencia', 'Perdido Evolução', 'B', true, 2, 1),
(38, 'Biografia', 'Velho Vida', 'B', true, 4, 3),
(39, 'Ciencia', 'Silencioso Átomo', 'B', true, 5, 3),
(40, 'Biografia', 'Escuro Jornada', 'B', true, 2, 3),
(41, 'Biografia', 'Misterioso Vida', 'B', true, 9, 1),
(42, 'Biografia', 'Perdido Vida', 'B', true, 2, 2),
(43, 'Ficcao', 'Silencioso Futuro', 'B', true, 6, 3),
(44, 'Historia', 'Perdido Batalha', 'B', true, 5, 2),
(45, 'Poesia', 'Perdido Coração', 'B', true, 5, 2),
(46, 'Poesia', 'Silencioso Alma', 'B', true, 3, 3),
(47, 'Ciencia', 'Perdido Evolução', 'B', true, 5, 3),
(48, 'Ciencia', 'Escuro Teoria', 'B', true, 4, 3),
(49, 'Historia', 'Silencioso Batalha', 'B', true, 1, 2),
(50, 'Biografia', 'Silencioso Memórias', 'B', true, 7, 1),
(51, 'Historia', 'Misterioso Império', 'B', true, 4, 2),
(52, 'Historia', 'Misterioso Império', 'B', true, 5, 3),
(53, 'Ficcao', 'Misterioso Universo', 'B', true, 10, 3),
(54, 'Biografia', 'Perdido Jornada', 'B', true, 4, 3),
(55, 'Poesia', 'Silencioso Alma', 'B', true, 6, 3),
(56, 'Biografia', 'Misterioso Jornada', 'B', true, 1, 3),
(57, 'Ficcao', 'Escuro Alien', 'B', true, 1, 2),
(58, 'Poesia', 'Perdido Coração', 'B', true, 1, 3),
(59, 'Poesia', 'Perdido Sonhos', 'B', true, 3, 1),
(60, 'Historia', 'Silencioso Batalha', 'B', true, 1, 1),
(61, 'Historia', 'Misterioso Revolução', 'B', true, 7, 2),
(62, 'Biografia', 'Velho Memórias', 'B', true, 5, 1),
(63, 'Historia', 'Misterioso Rei', 'B', true, 9, 1),
(64, 'Biografia', 'Perdido Historia', 'B', true, 2, 3),
(65, 'Poesia', 'Velho Rimas', 'B', true, 2, 2),
(66, 'Historia', 'Perdido Batalha', 'B', true, 2, 1),
(67, 'Biografia', 'Escuro Historia', 'C', true, 7, 2),
(68, 'Ciencia', 'Escuro Quântico', 'C', true, 10, 3),
(69, 'Ciencia', 'Escuro Átomo', 'C', true, 3, 1),
(70, 'Ciencia', 'Misterioso Quântico', 'C', true, 6, 2),
(71, 'Poesia', 'Abaixo do Homem', 'C', true, 5, 3),
(72, 'Poesia', 'Nem Sempre O Que Queres Esta Visivel', 'C', true, 4, 1),
(73, 'Ciencia', 'Acima da Temperatura', 'C', true, 1, 3),
(74, 'Ciencia', 'Misterioso Evolução', 'C', true, 7, 3),
(75, 'Poesia', 'Escuro Sonhos', 'C', true, 7, 2),
(76, 'Historia', 'Misterioso Batalha', 'C', true, 6, 3),
(77, 'Historia', 'Silencioso Rei', 'C', true, 3, 3),
(78, 'Poesia', 'Escuro Sonhos', 'C', true, 9, 3),
(79, 'Ficcao', 'Escuro Futuro', 'C', true, 1, 3),
(80, 'Ciencia', 'Misterioso Teoria', 'C', true, 5, 1),
(81, 'Ficcao', 'Velho Alien', 'C', true, 2, 2),
(82, 'Ciencia', 'Perdido Experimento', 'C', true, 5, 2),
(83, 'Historia', 'Velho Império', 'C', true, 10, 1),
(84, 'Historia', 'Perdido Descoberta', 'D', true, 9, 1),
(85, 'Biografia', 'Misterioso Memórias', 'D', true, 4, 3),
(86, 'Ficcao', 'Misterioso Universo', 'D', true, 8, 1),
(87, 'Historia', 'Misterioso Batalha', 'D', true, 9, 1),
(88, 'Poesia', 'Escuro Coração', 'D', true, 9, 2),
(89, 'Historia', 'Velho Descoberta', 'D', true, 5, 2),
(90, 'Historia', 'Silencioso Descoberta', 'D', true, 1, 2),
(91, 'Ciencia', 'Velho Experimento', 'D', true, 10, 2),
(92, 'Historia', 'Silencioso Rei', 'D', true, 1, 2),
(93, 'Biografia', 'Perdido Jornada', 'D', true, 3, 1),
(94, 'Poesia', 'Escuro Alma', 'D', true, 9, 3),
(95, 'Poesia', 'Perdido Rimas', 'D', true, 5, 3),
(96, 'Ciencia', 'Escuro Átomo', 'D', true, 4, 1),
(97, 'Poesia', 'Silencioso Coração', 'D', true, 5, 3),
(98, 'Biografia', 'Misterioso Jornada', 'A', true, 6, 2),
(99, 'Ciencia', 'Silencioso Quântico', 'A', true, 4, 2),
(100, 'Biografia', 'Escuro Historia', 'A', true, 9, 3);



INSERT INTO autor (autor_id, nome, email, telefone, data_nascimento, data_falecimento) VALUES
(1, 'Joana D Arc', 'joana@example.com', '1109876543', '1984-06-01', NULL),
(2, 'Miguel de Cervantes', 'miguel@example.com', '2209876543', '1974-09-29', NULL),
(3, 'Isaac Newton', 'isaac@example.com', '3309876543', '1965-01-04', NULL),
(4, 'Leonardo da Vinci', 'leonardo@example.com', '4409876543', '1955-04-15', NULL),
(5, 'Marie Curie', 'marie@example.com', '5509876543', '1933-11-07', NULL),
(6, 'Albert Einstein', 'albert@example.com', '6609876543', '1879-03-14', '1955-04-18'),
(7, 'Charles Dickens', 'charles@example.com', '7709876543', '1812-02-07', '1870-06-09'),
(8, 'Jane Austen', 'jane@example.com', '8809876543', '1775-12-16', '1817-07-18'),
(9, 'William Shakespeare', 'william@example.com', '9909876543', '1564-04-26', '1616-04-23'),
(10, 'Agatha Christie', 'agatha@example.com', '10109876543', '1890-09-15', '1976-01-12');

 ---Tabela distribuidora
 INSERT INTO distribuidora (distribuidora_id, telefone, endereco, nome_fantasia, email) VALUES
(1, '1123456789', 'Rua Distrib, 100, Recife', 'Distribuidora Alfa', 'distribalfa@example.com'),
(2, '2234567890', 'Av. Distrib, 200, Recife', 'Distribuidora Beta', 'distribbeta@example.com'),
(3, '3345678901', 'Rua Distrib, 300, Olinda', 'Distribuidora Gamma', 'distribgamma@example.com');

--Tabela escreveu_liv
INSERT INTO escreveu_liv (fk_autor_autor_id, fk_livro_livro_id) VALUES
(9, 1),
(7, 2),
(3, 3),
(8, 4),
(1, 5),
(3, 6),
(3, 7),
(2, 8),
(2, 9),
(10, 10),
(6, 11),
(5, 12),
(5, 13),
(5, 14),
(4, 15),
(1, 16),
(7, 17),
(10, 18),
(5, 19),
(10, 20),
(9, 21),
(7, 22),
(9, 23),
(4, 24),
(9, 25),
(5, 26),
(6, 27),
(4, 28),
(8, 29),
(6, 30),
(9, 31),
(4, 32),
(6, 33),
(9, 34),
(6, 35),
(4, 36),
(1, 37),
(10, 38),
(8, 39),
(2, 40),
(4, 41),
(10, 42),
(7, 43),
(2, 44),
(10, 45),
(7, 46),
(4, 47),
(3, 48),
(8, 49),
(3, 50),
(10, 51),
(3, 52),
(2, 53),
(7, 54),
(3, 55),
(1, 56),
(6, 57),
(1, 58),
(7, 59),
(2, 60),
(9, 61),
(2, 62),
(9, 63),
(5, 64),
(3, 65),
(10, 66),
(9, 67),
(2, 68),
(7, 69),
(10, 70),
(9, 71),
(6, 72),
(3, 73),
(6, 74),
(8, 75),
(5, 76),
(8, 77),
(2, 78),
(6, 79),
(6, 80),
(5, 81),
(1, 82),
(10, 83),
(3, 84),
(4, 85),
(5, 86),
(10, 87),
(1, 88),
(10, 89),
(7, 90),
(9, 91),
(2, 92),
(5, 93),
(5, 94),
(6, 95),
(6, 96),
(7, 97),
(5, 98),
(8, 99),
(7, 100);
 
 INSERT INTO fornece_livro (fk_distribuidora_distribuidora_id, fk_livro_livro_id) VALUES
(1, 1),
(1, 2),
(3, 3),
(2, 4),
(1, 5),
(1, 6),
(3, 7),
(1, 8),
(2, 9),
(1, 10),
(1, 11),
(1, 12),
(3, 13),
(3, 14),
(2, 15),
(3, 16),
(1, 17),
(3, 18),
(2, 19),
(2, 20),
(3, 21),
(3, 22),
(1, 23),
(3, 24),
(1, 25),
(3, 26),
(2, 27),
(2, 28),
(3, 29),
(1, 30),
(2, 31),
(1, 32),
(3, 33),
(3, 34),
(1, 35),
(1, 36),
(1, 37),
(1, 38),
(2, 39),
(2, 40),
(3, 41),
(3, 42),
(1, 43),
(3, 44),
(2, 45),
(3, 46),
(1, 47),
(2, 48),
(2, 49),
(3, 50),
(2, 51),
(1, 52),
(2, 53),
(1, 54),
(3, 55),
(3, 56),
(3, 57),
(1, 58),
(1, 59),
(1, 60),
(2, 61),
(2, 62),
(1, 63),
(3, 64),
(2, 65),
(2, 66),
(1, 67),
(1, 68),
(1, 69),
(3, 70),
(1, 71),
(1, 72),
(2, 73),
(1, 74),
(2, 75),
(2, 76),
(1, 77),
(2, 78),
(2, 79),
(1, 80),
(2, 81),
(2, 82),
(3, 83),
(3, 84),
(1, 85),
(1, 86),
(3, 87),
(1, 88),
(3, 89),
(1, 90),
(1, 91),
(3, 92),
(2, 93),
(2, 94),
(3, 95),
(2, 96),
(3, 97),
(1, 98),
(2, 99),
(3, 100);
 
 INSERT INTO disciplina (disciplina_id, nome) VALUES
(1, 'Matemática'),
(2, 'Física'),
(3, 'Química'),
(4, 'Biologia'),
(5, 'Historia'),
(6, 'Geografia'),
(7, 'Português'),
(8, 'Inglês'),
(9, 'Artes'),
(10, 'Educação Física');

 
 INSERT INTO aula (aula_id, horario, dia_da_semana, fk_disciplina_disciplina_id) VALUES
(1, '08:00:00', 'Segunda-feira', 1),
(2, '09:00:00', 'Terça-feira', 2),
(3, '10:00:00', 'Quarta-feira', 3),
(4, '11:00:00', 'Quinta-feira', 4),
(5, '12:00:00', 'Sexta-feira', 5),
(6, '13:00:00', 'Segunda-feira', 6),
(7, '14:00:00', 'Terça-feira', 7),
(8, '15:00:00', 'Quarta-feira', 8),
(9, '16:00:00', 'Quinta-feira', 9),
(10, '17:00:00', 'Sexta-feira', 10);

 
 INSERT INTO turma (turma_id, ano_escolar) VALUES
(1, '1º Ano'),
(2, '2º Ano'),
(3, '3º Ano'),
(4, '4º Ano'),
(5, '5º Ano'),
(6, '6º Ano'),
(7, '7º Ano'),
(8, '8º Ano'),
(9, '9º Ano'),
(10, '10º Ano');

 
 INSERT INTO sala (sala_id, capacidade_maxima, numero, bloco, fk_biblioteca_biblioteca_id) VALUES
(1, 30, 101, 'A', 1),
(2, 30, 102, 'A', 2),
(3, 30, 103, 'A', 3),
(4, 30, 104, 'A', 3),
(5, 30, 105, 'A', 2),
(6, 30, 106, 'A', 1),
(7, 30, 107, 'A', 2),
(8, 30, 108, 'A', 2),
(9, 30, 109, 'A', 1),
(10, 30, 110, 'A', 2);

 
 INSERT INTO avaliacao (avalicao_id, pontuacao, nome, fk_professor_professor_id, fk_professor_fk_pessoa_pessoa_id) VALUES
(1, 9.5, 'Prova de Matemática', 61, 61),
(2, 8.5, 'Prova de Física', 72, 72),
(3, 7.0, 'Prova de Química', 63, 63),
(4, 6.5, 'Prova de Biologia', 74, 74),
(5, 8.0, 'Prova de Historia', 65, 65),
(6, 7.5, 'Prova de Geografia', 76, 76),
(7, 9.0, 'Prova de Português', 67, 67),
(8, 6.0, 'Prova de Inglês', 78, 78),
(9, 8.2, 'Prova de Artes', 69, 69),
(10, 7.8, 'Prova de Educação Física', 70, 70);

 

INSERT INTO mensalidade (mensalidade_id, data_de_liberacao, data_de_vencimento, valor_liquido, valor_bruto, desconto, fk_aluno_aluno_id, fk_aluno_fk_pessoa_pessoa_id) VALUES
(1, '2024-01-05', '2024-01-25', 200.00, 220.00, 20.00, 121, 121),
(2, '2024-02-05', '2024-02-25', 200.00, 220.00, 20.00, 322, 322),
(3, '2024-03-05', '2024-03-25', 200.00, 220.00, 20.00, 223, 223),
(4, '2024-04-05', '2024-04-25', 200.00, 220.00, 20.00, 124, 124),
(5, '2024-05-05', '2024-05-25', 200.00, 220.00, 20.00, 325, 325),
(6, '2024-06-05', '2024-06-25', 200.00, 220.00, 20.00, 226, 226),
(7, '2024-07-05', '2024-07-25', 200.00, 220.00, 20.00, 327, 327),
(8, '2024-08-05', '2024-08-25', 200.00, 220.00, 20.00, 128, 128),
(9, '2024-09-05', '2024-09-25', 200.00, 220.00, 20.00, 129, 129),
(10, '2024-10-05', '2024-10-25', 200.00, 220.00, 20.00, 330, 330);

 
 
INSERT INTO inclui_prod (fk_produto_produto_id, fk_pedido_pedido_id, quantidade) VALUES
(1, 1, 5), (3, 1, 10), (2, 1, 30),      -- Pedido 1
(4, 2, 20), (7, 2, 5), (9, 2, 15),      -- Pedido 2
(20, 3, 50), (5, 3, 10),                -- Pedido 3
(6, 4, 8), (12, 4, 5),                  -- Pedido 4
(13, 5, 2), (16, 5, 10), (17, 5, 2),    -- Pedido 5
(2, 6, 40), (4, 6, 15), (9, 6, 10),     -- Pedido 6
(3, 7, 30), (6, 7, 20), (15, 7, 3),     -- Pedido 7
(14, 8, 6), (19, 8, 25),                -- Pedido 8
(5, 9, 10), (10, 9, 2), (13, 9, 6),     -- Pedido 9
(11, 10, 2), (17, 10, 4), (20, 10, 50),  -- Pedido 10
(1, 11, 3), (9, 11, 6),                 -- Pedido 11
(2, 12, 10), (6, 12, 20),               -- Pedido 12
(5, 13, 15), (20, 13, 20),              -- Pedido 13
(3, 14, 25), (4, 14, 50),               -- Pedido 14
(7, 15, 15), (19, 15, 20),              -- Pedido 15
(10, 16, 2), (16, 16, 5),               -- Pedido 16
(8, 17, 5), (12, 17, 5),                -- Pedido 17
(13, 18, 4), (17, 18, 2), (11, 18, 1),  -- Pedido 18
(14, 19, 3), (18, 19, 5), (15, 19, 2),  -- Pedido 19
(1, 20, 6), (3, 20, 20), (4, 20, 30),   -- Pedido 20
(1, 21, 2), (2, 21, 15),                -- Pedido 21
(3, 22, 10), (7, 22, 10),               -- Pedido 22
(4, 23, 40), (20, 23, 25),              -- Pedido 23
(5, 24, 20), (6, 24, 10),               -- Pedido 24
(8, 25, 10), (9, 25, 5),                -- Pedido 25
(10, 26, 1), (16, 26, 3),               -- Pedido 26
(11, 27, 1), (12, 27, 3),               -- Pedido 27
(13, 28, 3), (17, 28, 2),               -- Pedido 28
(14, 29, 2), (15, 29, 4),               -- Pedido 29
(18, 30, 4), (19, 30, 15),              -- Pedido 30
(13, 31, 9),                            -- Pedido 31
(5, 32, 4),                             -- Pedido 32
(6, 33, 4), (15, 33, 2), (17, 33, 4),   -- Pedido 33
(7, 34, 9), (13, 34, 6),                -- Pedido 34
(18, 35, 3), (16, 35, 5),               -- Pedido 35
(13, 36, 1), (18, 36, 9),               -- Pedido 36
(20, 37, 6), (2, 37, 9),                -- Pedido 37
(15, 38, 5),                            -- Pedido 38
(11, 39, 4), (14, 39, 3),               -- Pedido 39
(6, 40, 3), (8, 40, 5), (16, 40, 3),    -- Pedido 40
(18, 41, 5), (7, 41, 1),                -- Pedido 41
(17, 42, 7),                            -- Pedido 42
(12, 43, 4), (4, 43, 7), (9, 43, 2),    -- Pedido 43
(7, 44, 4), (14, 44, 6), (20, 44, 4),   -- Pedido 44
(2, 45, 10),                            -- Pedido 45
(1, 46, 10), (6, 46, 10), (4, 46, 4),   -- Pedido 46
(14, 47, 2),                            -- Pedido 47
(20, 48, 2), (17, 48, 2),               -- Pedido 48
(9, 49, 9), (19, 49, 9), (18, 49, 4),   -- Pedido 49
(15, 50, 8), (9, 50, 2);                -- Pedido 50

 
INSERT INTO fornece_prod (fk_fornecedor_fornecedor_id, fk_produto_produto_id) VALUES
(1, 1),
(2, 2),
(3, 3),
(4, 4),
(5, 5),
(6, 6),
(7, 7),
(8, 8),
(9, 9),
(10, 10),
(2, 11),
(3, 12),
(1, 13),
(7, 14),
(8, 15),
(8, 16),
(9, 17),
(10, 18),
(4, 19),
(5, 20);

 
INSERT INTO emprestimo (emprestimo_id, fk_cliente_cliente_id, fk_livro_livro_id, valor_multa, data_realizada, data_limite_devolucao) VALUES
(1, 1, 1, 0.00, '2024-04-01', '2024-04-15'),
(2, 2, 2, 0.00, '2024-04-02', '2024-04-16'),
(3, 3, 3, 0.00, '2024-04-03', '2024-04-17'),
(4, 4, 4, 0.00, '2024-04-04', '2024-04-18'),
(5, 5, 5, 0.00, '2024-04-05', '2024-04-19'),
(6, 6, 6, 0.00, '2024-04-06', '2024-04-20'),
(7, 7, 7, 0.00, '2024-04-07', '2024-04-21'),
(8, 8, 8, 0.00, '2024-04-08', '2024-04-22'),
(9, 9, 9, 0.00, '2024-04-09', '2024-04-23'),
(10, 10, 10, 0.00, '2024-04-10', '2024-04-24');

 
 INSERT INTO leciona_disc (fk_professor_professor_id, fk_professor_fk_pessoa_pessoa_id, fk_disciplina_disciplina_id) VALUES
(61, 61, 1),
(62, 62, 2),
(63, 63, 3),
(64, 64, 4),
(65, 65, 5),
(66, 66, 6),
(67, 67, 7),
(68, 68, 8),
(69, 69, 9),
(70, 70, 10);

 
 INSERT INTO possui_tur (fk_aula_aula_id, fk_turma_turma_id) VALUES
(1, 1),
(2, 2),
(3, 3),
(4, 4),
(5, 5),
(6, 6),
(7, 7),
(8, 8),
(9, 9),
(10, 10);

 
INSERT INTO fica_em_sal (fk_turma_turma_id, fk_sala_sala_id) VALUES
(1, 1),
(2, 2),
(3, 3),
(4, 4),
(5, 5),
(6, 6),
(7, 7),
(8, 8),
(9, 9),
(10, 10);

 
INSERT INTO faz_aval (fk_aluno_aluno_id, fk_aluno_fk_pessoa_pessoa_id, fk_avaliacao_avalicao_id) VALUES
(121, 121, 1),
(222, 222, 2),
(123, 123, 3),
(224, 224, 4),
(125, 125, 5),
(226, 226, 6),
(127, 127, 7),
(328, 328, 8),
(229, 229, 9),
(130, 130, 10);



